{
    "scores":[
        {
            "scoreId": 0,
            "scoreStatus": true,
            "name": "aciertaMas",
            "scoreName": "PHD",
            "scoreCode": "67",
            "scoreModule": "scores.aciertaMas",
            "scoreInstance": "aciertaMas",
            "scoreOutputXPM": [
                {
                    "scoreFieldName": "scoreValue",
                    "xpmFieldName": "scoreValue",
                    "xpmFieldFormat": "int"
                },
                {
                    "scoreFieldName": "exclusionCode",
                    "xpmFieldName": "exclusionCode",
                    "xpmFieldFormat": "list:str"
                },
                {
                    "scoreFieldName": "scoreDate",
                    "xpmFieldName": "modelDate",
                    "xpmFieldFormat": "int"
                },
                {
                    "scoreFieldName": "scoreCode",
                    "xpmFieldName": "modelCode",
                    "xpmFieldFormat": "str"
                },
                {
                    "scoreFieldName": "tradeHolderIndicator",
                    "xpmFieldName": "tradeHolderCode",
                    "xpmFieldFormat": "int"
                },
                {
                    "scoreFieldName": "scoreName",
                    "xpmFieldName": "modelName",
                    "xpmFieldFormat": "str"
                },
                {
                    "scoreFieldName": "scoreSegment",
                    "xpmFieldName": "scoreSegment",
                    "xpmFieldFormat": "str"
                },
                {
                    "scoreFieldName": "relation",
                    "xpmFieldName": "relation",
                    "xpmFieldFormat": "int"
                }
            ]
        },
        {
            "scoreId": 1,
            "scoreStatus": true,
            "name": "aciertaA",
            "scoreName": "AAE",
            "scoreCode": "49",
            "scoreModule": "scores.aciertaA",
            "scoreInstance": "aciertaA_AAE_1",
            "scoreOutputXPM": [
                {
                    "scoreFieldName": "scoreValue",
                    "xpmFieldName": "scoreValue",
                    "xpmFieldFormat": "int"
                },
                {
                    "scoreFieldName": "exclusionCode",
                    "xpmFieldName": "exclusionCode",
                    "xpmFieldFormat": "list:str"
                },
                {
                    "scoreFieldName": "scoreDate",
                    "xpmFieldName": "modelDate",
                    "xpmFieldFormat": "int"
                },
                {
                    "scoreFieldName": "scoreCode",
                    "xpmFieldName": "modelCode",
                    "xpmFieldFormat": "str"
                },
                {
                    "scoreFieldName": "tradeHolderIndicator",
                    "xpmFieldName": "tradeHolderCode",
                    "xpmFieldFormat": "int"
                },
                {
                    "scoreFieldName": "scoreName",
                    "xpmFieldName": "modelName",
                    "xpmFieldFormat": "str"
                },
                {
                    "scoreFieldName": "scoreSegment",
                    "xpmFieldName": "scoreSegment",
                    "xpmFieldFormat": "str"
                },
                {
                    "scoreFieldName": "relation",
                    "xpmFieldName": "relation",
                    "xpmFieldFormat": "int"
                }
            ]
        },
        {
            "scoreId": 2,
            "scoreStatus": true,
            "name": "aciertaA",
            "scoreName": "AAE",
            "scoreCode": "49",
            "scoreModule": "scores.aciertaA",
            "scoreInstance": "aciertaA_AAE_2",
            "scoreOutputXPM": [
                {
                    "scoreFieldName": "scoreValue",
                    "xpmFieldName": "scoreValue",
                    "xpmFieldFormat": "int"
                },
                {
                    "scoreFieldName": "exclusionCode",
                    "xpmFieldName": "exclusionCode",
                    "xpmFieldFormat": "list:str"
                },
                {
                    "scoreFieldName": "scoreDate",
                    "xpmFieldName": "modelDate",
                    "xpmFieldFormat": "int"
                },
                {
                    "scoreFieldName": "scoreCode",
                    "xpmFieldName": "modelCode",
                    "xpmFieldFormat": "str"
                },
                {
                    "scoreFieldName": "tradeHolderIndicator",
                    "xpmFieldName": "tradeHolderCode",
                    "xpmFieldFormat": "int"
                },
                {
                    "scoreFieldName": "scoreName",
                    "xpmFieldName": "modelName",
                    "xpmFieldFormat": "str"
                },
                {
                    "scoreFieldName": "scoreSegment",
                    "xpmFieldName": "scoreSegment",
                    "xpmFieldFormat": "str"
                },
                {
                    "scoreFieldName": "relation",
                    "xpmFieldName": "relation",
                    "xpmFieldFormat": "int"
                }
            ]
        },
        {
            "scoreId": 3,
            "scoreStatus": true,
            "name": "aciertaA",
            "scoreName": "AAD",
            "scoreCode": "48",
            "scoreModule": "scores.aciertaA",
            "scoreInstance": "aciertaA_AAD_3",
            "scoreOutputXPM": [
                {
                    "scoreFieldName": "scoreValue",
                    "xpmFieldName": "scoreValue",
                    "xpmFieldFormat": "int"
                },
                {
                    "scoreFieldName": "exclusionCode",
                    "xpmFieldName": "exclusionCode",
                    "xpmFieldFormat": "list:str"
                },
                {
                    "scoreFieldName": "scoreDate",
                    "xpmFieldName": "modelDate",
                    "xpmFieldFormat": "int"
                },
                {
                    "scoreFieldName": "scoreCode",
                    "xpmFieldName": "modelCode",
                    "xpmFieldFormat": "str"
                },
                {
                    "scoreFieldName": "tradeHolderIndicator",
                    "xpmFieldName": "tradeHolderCode",
                    "xpmFieldFormat": "int"
                },
                {
                    "scoreFieldName": "scoreName",
                    "xpmFieldName": "modelName",
                    "xpmFieldFormat": "str"
                },
                {
                    "scoreFieldName": "scoreSegment",
                    "xpmFieldName": "scoreSegment",
                    "xpmFieldFormat": "str"
                },
                {
                    "scoreFieldName": "relation",
                    "xpmFieldName": "relation",
                    "xpmFieldFormat": "int"
                }
            ]
        },
        {
            "scoreId": 4,
            "scoreStatus": true,
            "name": "aciertaA",
            "scoreName": "AAD",
            "scoreCode": "48",
            "scoreModule": "scores.aciertaA",
            "scoreInstance": "aciertaA_AAD_4",
            "scoreOutputXPM": [
                {
                    "scoreFieldName": "scoreValue",
                    "xpmFieldName": "scoreValue",
                    "xpmFieldFormat": "int"
                },
                {
                    "scoreFieldName": "exclusionCode",
                    "xpmFieldName": "exclusionCode",
                    "xpmFieldFormat": "list:str"
                },
                {
                    "scoreFieldName": "scoreDate",
                    "xpmFieldName": "modelDate",
                    "xpmFieldFormat": "int"
                },
                {
                    "scoreFieldName": "scoreCode",
                    "xpmFieldName": "modelCode",
                    "xpmFieldFormat": "str"
                },
                {
                    "scoreFieldName": "tradeHolderIndicator",
                    "xpmFieldName": "tradeHolderCode",
                    "xpmFieldFormat": "int"
                },
                {
                    "scoreFieldName": "scoreName",
                    "xpmFieldName": "modelName",
                    "xpmFieldFormat": "str"
                },
                {
                    "scoreFieldName": "scoreSegment",
                    "xpmFieldName": "scoreSegment",
                    "xpmFieldFormat": "str"
                },
                {
                    "scoreFieldName": "relation",
                    "xpmFieldName": "relation",
                    "xpmFieldFormat": "int"
                }
            ]
        },
        {
            "scoreId": 5,
            "scoreStatus": true,
            "name": "aciertaA",
            "scoreName": "AAB",
            "scoreCode": "45",
            "scoreModule": "scores.aciertaA",
            "scoreInstance": "aciertaA_AAB_5",
            "scoreOutputXPM": [
                {
                    "scoreFieldName": "scoreValue",
                    "xpmFieldName": "scoreValue",
                    "xpmFieldFormat": "int"
                },
                {
                    "scoreFieldName": "exclusionCode",
                    "xpmFieldName": "exclusionCode",
                    "xpmFieldFormat": "list:str"
                },
                {
                    "scoreFieldName": "scoreDate",
                    "xpmFieldName": "modelDate",
                    "xpmFieldFormat": "int"
                },
                {
                    "scoreFieldName": "scoreCode",
                    "xpmFieldName": "modelCode",
                    "xpmFieldFormat": "str"
                },
                {
                    "scoreFieldName": "tradeHolderIndicator",
                    "xpmFieldName": "tradeHolderCode",
                    "xpmFieldFormat": "int"
                },
                {
                    "scoreFieldName": "scoreName",
                    "xpmFieldName": "modelName",
                    "xpmFieldFormat": "str"
                },
                {
                    "scoreFieldName": "scoreSegment",
                    "xpmFieldName": "scoreSegment",
                    "xpmFieldFormat": "str"
                },
                {
                    "scoreFieldName": "relation",
                    "xpmFieldName": "relation",
                    "xpmFieldFormat": "int"
                }
            ]
        },
        {
            "scoreId": 6,
            "scoreStatus": true,
            "name": "aciertaA",
            "scoreName": "AAB",
            "scoreCode": "45",
            "scoreModule": "scores.aciertaA",
            "scoreInstance": "aciertaA_AAB_6",
            "scoreOutputXPM": [
                {
                    "scoreFieldName": "scoreValue",
                    "xpmFieldName": "scoreValue",
                    "xpmFieldFormat": "int"
                },
                {
                    "scoreFieldName": "exclusionCode",
                    "xpmFieldName": "exclusionCode",
                    "xpmFieldFormat": "list:str"
                },
                {
                    "scoreFieldName": "scoreDate",
                    "xpmFieldName": "modelDate",
                    "xpmFieldFormat": "int"
                },
                {
                    "scoreFieldName": "scoreCode",
                    "xpmFieldName": "modelCode",
                    "xpmFieldFormat": "str"
                },
                {
                    "scoreFieldName": "tradeHolderIndicator",
                    "xpmFieldName": "tradeHolderCode",
                    "xpmFieldFormat": "int"
                },
                {
                    "scoreFieldName": "scoreName",
                    "xpmFieldName": "modelName",
                    "xpmFieldFormat": "str"
                },
                {
                    "scoreFieldName": "scoreSegment",
                    "xpmFieldName": "scoreSegment",
                    "xpmFieldFormat": "str"
                },
                {
                    "scoreFieldName": "relation",
                    "xpmFieldName": "relation",
                    "xpmFieldFormat": "int"
                }
            ]
        },
        {
            "scoreId": 7,
            "scoreStatus": true,
            "name": "aciertaA",
            "scoreName": "AAF",
            "scoreCode": "95",
            "scoreModule": "scores.aciertaA",
            "scoreInstance": "aciertaA_AAF_7",
            "scoreOutputXPM": [
                {
                    "scoreFieldName": "scoreValue",
                    "xpmFieldName": "scoreValue",
                    "xpmFieldFormat": "int"
                },
                {
                    "scoreFieldName": "exclusionCode",
                    "xpmFieldName": "exclusionCode",
                    "xpmFieldFormat": "list:str"
                },
                {
                    "scoreFieldName": "scoreDate",
                    "xpmFieldName": "modelDate",
                    "xpmFieldFormat": "int"
                },
                {
                    "scoreFieldName": "scoreCode",
                    "xpmFieldName": "modelCode",
                    "xpmFieldFormat": "str"
                },
                {
                    "scoreFieldName": "tradeHolderIndicator",
                    "xpmFieldName": "tradeHolderCode",
                    "xpmFieldFormat": "int"
                },
                {
                    "scoreFieldName": "scoreName",
                    "xpmFieldName": "modelName",
                    "xpmFieldFormat": "str"
                },
                {
                    "scoreFieldName": "scoreSegment",
                    "xpmFieldName": "scoreSegment",
                    "xpmFieldFormat": "str"
                },
                {
                    "scoreFieldName": "relation",
                    "xpmFieldName": "relation",
                    "xpmFieldFormat": "int"
                }
            ]
        },
        {
            "scoreId": 8,
            "scoreStatus": true,
            "name": "aciertaA",
            "scoreName": "AAA",
            "scoreCode": "41",
            "scoreModule": "scores.aciertaA",
            "scoreInstance": "aciertaA_AAA_8",
            "scoreOutputXPM": [
                {
                    "scoreFieldName": "scoreValue",
                    "xpmFieldName": "scoreValue",
                    "xpmFieldFormat": "int"
                },
                {
                    "scoreFieldName": "exclusionCode",
                    "xpmFieldName": "exclusionCode",
                    "xpmFieldFormat": "list:str"
                },
                {
                    "scoreFieldName": "scoreDate",
                    "xpmFieldName": "modelDate",
                    "xpmFieldFormat": "int"
                },
                {
                    "scoreFieldName": "scoreCode",
                    "xpmFieldName": "modelCode",
                    "xpmFieldFormat": "str"
                },
                {
                    "scoreFieldName": "tradeHolderIndicator",
                    "xpmFieldName": "tradeHolderCode",
                    "xpmFieldFormat": "int"
                },
                {
                    "scoreFieldName": "scoreName",
                    "xpmFieldName": "modelName",
                    "xpmFieldFormat": "str"
                },
                {
                    "scoreFieldName": "scoreSegment",
                    "xpmFieldName": "scoreSegment",
                    "xpmFieldFormat": "str"
                },
                {
                    "scoreFieldName": "relation",
                    "xpmFieldName": "relation",
                    "xpmFieldFormat": "int"
                }
            ]
        },
        {
            "scoreId": 9,
            "scoreStatus": true,
            "name": "aciertaA",
            "scoreName": "AAC",
            "scoreCode": "47",
            "scoreModule": "scores.aciertaA",
            "scoreInstance": "aciertaA_AAC_9",
            "scoreOutputXPM": [
                {
                    "scoreFieldName": "scoreValue",
                    "xpmFieldName": "scoreValue",
                    "xpmFieldFormat": "int"
                },
                {
                    "scoreFieldName": "exclusionCode",
                    "xpmFieldName": "exclusionCode",
                    "xpmFieldFormat": "list:str"
                },
                {
                    "scoreFieldName": "scoreDate",
                    "xpmFieldName": "modelDate",
                    "xpmFieldFormat": "int"
                },
                {
                    "scoreFieldName": "scoreCode",
                    "xpmFieldName": "modelCode",
                    "xpmFieldFormat": "str"
                },
                {
                    "scoreFieldName": "tradeHolderIndicator",
                    "xpmFieldName": "tradeHolderCode",
                    "xpmFieldFormat": "int"
                },
                {
                    "scoreFieldName": "scoreName",
                    "xpmFieldName": "modelName",
                    "xpmFieldFormat": "str"
                },
                {
                    "scoreFieldName": "scoreSegment",
                    "xpmFieldName": "scoreSegment",
                    "xpmFieldFormat": "str"
                },
                {
                    "scoreFieldName": "relation",
                    "xpmFieldName": "relation",
                    "xpmFieldFormat": "int"
                }
            ]
        },
        {
            "scoreId": 10,
            "scoreStatus": false,
            "name": "aciertaMaster",
            "scoreName": "Acierta Master",
            "scoreCode": "000",
            "scoreModule": "scores.aciertaMaster",
            "scoreInstance": "aciertaMaster",
            "scoreOutputXPM": [
                {
                    "scoreFieldName": "scoreValue",
                    "xpmFieldName": "scoreValue",
                    "xpmFieldFormat": "int"
                },
                {
                    "scoreFieldName": "exclusionCode",
                    "xpmFieldName": "exclusionCode",
                    "xpmFieldFormat": "list:str"
                },
                {
                    "scoreFieldName": "scoreDate",
                    "xpmFieldName": "modelDate",
                    "xpmFieldFormat": "int"
                },
                {
                    "scoreFieldName": "scoreCode",
                    "xpmFieldName": "modelCode",
                    "xpmFieldFormat": "str"
                },
                {
                    "scoreFieldName": "tradeHolderIndicator",
                    "xpmFieldName": "tradeHolderCode",
                    "xpmFieldFormat": "int"
                },
                {
                    "scoreFieldName": "scoreName",
                    "xpmFieldName": "modelName",
                    "xpmFieldFormat": "str"
                },
                {
                    "scoreFieldName": "scoreSegment",
                    "xpmFieldName": "scoreSegment",
                    "xpmFieldFormat": "str"
                },
                {
                    "scoreFieldName": "relation",
                    "xpmFieldName": "relation",
                    "xpmFieldFormat": "int"
                }
            ]
        },
        {
            "scoreId": 11,
            "scoreStatus": true,
            "name": "Quanto 3",
            "scoreName": "Quanto3",
            "scoreCode": "O4",
            "scoreModule": "scores.quanto3",
            "scoreInstance": "Quanto3",
            "scoreOutputXPM": [
                {
                    "scoreFieldName": "exclusionCode",
                    "xpmFieldName": "exclusionCode",
                    "xpmFieldFormat": "list:str"
                },
                {
                    "scoreFieldName": "scoreDate",
                    "xpmFieldName": "modelDate",
                    "xpmFieldFormat": "int"
                },
                {
                    "scoreFieldName": "scoreCode",
                    "xpmFieldName": "modelCode",
                    "xpmFieldFormat": "str"
                },
                {
                    "scoreFieldName": "tradeHolderIndicator",
                    "xpmFieldName": "tradeHolderCode",
                    "xpmFieldFormat": "int"
                },
                {
                    "scoreFieldName": "scoreName",
                    "xpmFieldName": "modelName",
                    "xpmFieldFormat": "str"
                },
                {
                    "scoreFieldName": "scoreSegment",
                    "xpmFieldName": "scoreSegment",
                    "xpmFieldFormat": "str"
                },
                {
                    "scoreFieldName": "relation",
                    "xpmFieldName": "relation",
                    "xpmFieldFormat": "int"
                },
                {
                    "scoreFieldName": "lowerIncomeSMLMV",
                    "xpmFieldName": "lowerIncomeSMLMV",
                    "xpmFieldFormat": "float"
                },
                {
                    "scoreFieldName": "upperIncomeSMLMV",
                    "xpmFieldName": "upperIncomeSMLMV",
                    "xpmFieldFormat": "float"
                },
                {
                    "scoreFieldName": "incomeSMLMV",
                    "xpmFieldName": "incomeSMLMV",
                    "xpmFieldFormat": "float"
                },
                {
                    "scoreFieldName": "lowerIncomeCOP",
                    "xpmFieldName": "lowerIncomeCOP",
                    "xpmFieldFormat": "float"
                },
                {
                    "scoreFieldName": "upperIncomeCOP",
                    "xpmFieldName": "upperIncomeCOP",
                    "xpmFieldFormat": "float"
                },
                {
                    "scoreFieldName": "incomeCOP",
                    "xpmFieldName": "incomeCOP",
                    "xpmFieldFormat": "float"
                }
            ]
        }
    ],
    "scoresAttributes" : [
        {
            "attributeStatus": true,
            "attributeName": ["TIPOID"],
            "xpmAttributeExpr": "[{xpm}['bureauAttributes']['personIdType']]" ,
            "attributeFormat": "int"
        },
        {
            "attributeStatus": true,
            "attributeName": ["NUMID"],
            "xpmAttributeExpr": "[{xpm}['bureauAttributes']['personIdNumber']]",
            "attributeFormat": "str"
        },
        {
            "attributeStatus": true,
            "attributeName": [
                "CO00DEM001","CO00DEM002","CO01END006RO","CO01END005VE","CO01END007CO","CO01END085RO","CO02END045RO","CO01END018IN","CO01END018CC","CO01END030RO","CO01END020RO","CO01END027CC","CO01END027OT","CO01END012OT","CO01END017CC","CO01END022CO","CO01END021CO","CO01END004RO","CO01END004IN","CO01END004VE","CO01END004HP","CO01END004CC","CO01END004OT","CO01END004CO","CO01END003RO","CO01END003IN","CO01END003VE","CO01END003HP","CO01END003CC","CO01END003OT","CO01END003CO","CO01END071RO","CO01END080RO","CO01END089RO","CO01END087RO","CO01EXP006RO","CO01EXP006CC","CO01EXP006CT","CO01EXP003OT","CO02EXP003TO",
                "CO01EXP004AH","CO01EXP001IN","CO01EXP001CC","CO01EXP001OT","CO01EXP001AH","CO02EXP001TO","CO02EXP002TO","CO02ACP002TO","CO01ACP003RO","CO01ACP003IN","CO01ACP003VE","CO01ACP003HP","CO01ACP003CC","CO01ACP003OT","CO01ACP003CO","CO01ACP005RO","CO01ACP001RO","CO01ACP002RO","CO01ACP002IN","CO01ACP002VE","CO01ACP002HP","CO01ACP002CC","CO01ACP002OT","CO01ACP002CO","CO01EXP008CC","CO01EXP008CO","CO01EXP007RO","CO01EXP007IN","CO01EXP007VE","CO01EXP007HP","CO01EXP007CC","CO01EXP007OT","CO01EXP007CO","CO02EXP008CC","CO02EXP008OT","CO02EXP013TO","CO01MOR079RO","CO01MOR079IN","CO01MOR079VE","CO01MOR079HP",
                "CO01MOR079CC","CO01MOR079OT","CO01MOR079CO","CO01MOR078RO","CO01MOR078IN","CO01MOR078VE","CO01MOR078HP","CO01MOR078CC","CO01MOR078OT","CO01MOR078CO","CO01MOR075RO","CO01MOR075IN","CO01MOR075VE","CO01MOR075HP","CO01MOR075CC","CO01MOR075OT","CO01MOR075CO","CO01MOR076RO","CO01MOR076IN","CO01MOR076VE","CO01MOR076HP","CO01MOR076CC","CO01MOR076OT","CO01MOR076CO","CO01MOR077RO","CO01MOR077IN","CO01MOR077VE","CO01MOR077HP","CO01MOR077CC","CO01MOR077OT","CO01MOR077CO","CO01MOR008RO","CO01MOR008IN","CO01MOR008VE","CO01MOR008HP","CO01MOR008CC","CO01MOR008OT","CO01MOR008CO","CO01MOR009RO","CO01MOR009IN",
                "CO01MOR009VE","CO01MOR009HP","CO01MOR009CC","CO01MOR009OT","CO01MOR009CO","CO01MOR001RO","CO01MOR001IN","CO01MOR001VE","CO01MOR001HP","CO01MOR001CC","CO01MOR001OT","CO01MOR001CO","CO01MOR017CC","CO01MOR022OT","CO01MOR005RO","CO01MOR005IN","CO01MOR005VE","CO01MOR005HP","CO01MOR005CC","CO01MOR005OT","CO01MOR004RO","CO01MOR004IN","CO01MOR004VE","CO01MOR004HP","CO01MOR004CC","CO01MOR004OT","CO01MOR004CO","CO01MOR044RO","CO01MOR044IN","CO01MOR044VE","CO01MOR044HP","CO01MOR044CC","CO01MOR044OT","CO01MOR051RO","CO01MOR051IN","CO01MOR051VE","CO01MOR051HP","CO01MOR051CC","CO01MOR051OT","CO01MOR058RO",
                "CO01MOR058IN","CO01MOR058VE","CO01MOR058HP","CO01MOR058CC","CO01MOR058OT","CO01MOR065RO","CO01MOR065IN","CO01MOR065VE","CO01MOR065HP","CO01MOR065CC","CO01MOR065OT","CO01MOR072RO","CO01MOR072IN","CO01MOR072VE","CO01MOR072HP","CO01MOR072CC","CO01MOR072OT","CO01MOR037RO","CO01MOR037IN","CO01MOR037VE","CO01MOR037HP","CO01MOR037CC","CO01MOR037OT","CO01MOR055RO","CO01MOR055IN","CO01MOR055VE","CO01MOR055HP","CO01MOR055CC","CO01MOR055OT","CO01MOR034CC","CO01MOR056RO","CO01MOR056IN","CO01MOR056VE","CO01MOR056HP","CO01MOR056CC","CO01MOR056OT","CO01MOR035OT","CO01MOR043OT","CO01MOR071RO","CO01MOR071IN",
                "CO01MOR071VE","CO01MOR071HP","CO01MOR071CC","CO01MOR071OT","CO01MOR061IN","CO01MOR068IN","CO01MOR033CC","CO01MOR090CC","CO01MOR101OT","CO01MOR083CC","CO01MOR098IN","CO01MOR080CC","CO01ACP009OT","CO01NUM049CC","CO01NUM050AH","CO01NUM001RO","CO01NUM001IN","CO01NUM001VE","CO01NUM001HP","CO01NUM001CC","CO01NUM001OT","CO01NUM001CO","CO01NUM001AH","CO01NUM001CT","CO01NUM002RO","CO01NUM002IN","CO01NUM002VE","CO01NUM002HP","CO01NUM002CC","CO01NUM002OT","CO01NUM002CO","CO01NUM018CO","CO01NUM042IN","CO02NUM035TO","CO02NUM028TO","CO01MOR044CO","CO01MOR058CO","CO01MOR072CO","CO02NUM018TO","CO02NUM020TO",
                "CO02END001CB","CO02END017CB","CO02END018CB","CO02NUM043CB","CO02END019CB","CO01INQ017TO","CO01INQ016TO","CO01MOR039CO","CO01EXP001VE","CO01EXP001HP","CO01END059RO","CO01END090RO","CO01ACP008AH","CO01EXP004RO","CO01END086RO","CO01EXP006AH","CO01MOR080IN","CO02NUM042IN","CO01END029RO","CO01END077RO","CO01ACP008RO","CO01END078RO","CO02EXP013AH","CO01END025RO","CO01END022IN","CO01ACP005CT","CO01EXP002IN","CO01EXP001CO","CO02NUM018","CO01MOR002OT","CO01MOR002CC","CO01MOR003IN","CO01MOR003HP","CO01MOR003CC","CO01END007RO","CO01END001VE","CO01END001HP","CO01END005RO","CO01END005HP","CO01END005OT","CO01NUM018OT","CO01NUM019OT","CO01NUM018VE","CO01NUM019VE","CO01NUM018CC","CO01NUM019CC","CO01NUM018HP","CO02NUM002TO","CO01ACP001IN","CO01ACP004VE","CO01ACP005CC","CO01ACP006CC","CO01MOR034RO","CO01MOR035IN","CO01MOR036VE","CO01MOR038HP","CO01MOR042RO","CO01MOR043IN","CO01MOR045OT","CO01MOR045VE","CO01MOR045CC","CO01MOR045HP","CO01MOR048RO","CO01MOR049HP","CO01MOR052RO",
                "CO01MOR052IN","CO01MOR052OT","CO01MOR052CC","CO01MOR052HP","CO01MOR057RO","CO01MOR057IN","CO01MOR057OT","CO01MOR057VE","CO01MOR057CC","CO01MOR057HP","CO01MOR059RO","CO01MOR059IN","CO01MOR059OT","CO01MOR059VE","CO01MOR059CC","CO01MOR059HP","CO01MOR062RO","CO01MOR062IN","CO01MOR062OT","CO01MOR062VE","CO01MOR062CC","CO01MOR062HP","CO01MOR063RO","CO01MOR063IN","CO01MOR063OT","CO01MOR063VE","CO01MOR063CC","CO01MOR063HP","CO01MOR064RO","CO01MOR064IN","CO01MOR064OT","CO01MOR064VE","CO01MOR064CC","CO01MOR064HP","CO01MOR066RO","CO01MOR066IN","CO01MOR066OT","CO01MOR066VE","CO01MOR066CC","CO01MOR066HP",
                "CO01MOR069RO","CO01MOR069IN","CO01MOR069OT","CO01MOR069VE","CO01MOR069CC","CO01MOR069HP","CO01MOR070RO","CO01MOR070IN","CO01MOR070OT","CO01MOR070VE","CO01MOR070CC","CO01MOR070HP","CO01MOR073RO","CO01MOR073IN","CO01MOR073OT","CO01MOR073VE","CO01MOR073CC","CO01MOR073HP","CO01MOR006RO","CO01MOR006IN","CO01MOR006HP","CO01MOR006CC","CO01MOR006OT","CO01MOR007RO","CO01MOR007IN","CO01MOR007VE","CO01MOR007HP","CO01MOR007CC","CO01MOR007OT","CO01MOR039RO","CO01MOR039IN","CO01MOR039VE","CO01MOR039HP","CO01MOR039CC","CO01MOR039OT","CO01MOR046RO","CO01MOR046IN","CO01MOR046VE","CO01MOR046HP","CO01MOR046CC",
                "CO01MOR046OT","CO01MOR053RO","CO01MOR053IN","CO01MOR053VE","CO01MOR053HP","CO01MOR053CC","CO01MOR053OT","CO01MOR060RO","CO01MOR060IN","CO01MOR060VE","CO01MOR060HP","CO01MOR060CC","CO01MOR060OT","CO01MOR067RO","CO01MOR067IN","CO01MOR067VE","CO01MOR067HP","CO01MOR067CC","CO01MOR067OT","CO01MOR074RO","CO01MOR074IN","CO01MOR074VE","CO01MOR074HP","CO01MOR074CC","CO01MOR074OT","CO01EXP008RO","CO01EXP008IN","CO01EXP008OT","CO01EXP008VE","CO01EXP008HP","CO01EXP009RO","CO01EXP009IN","CO01EXP009OT","CO01EXP009VE","CO01EXP009CC","CO01EXP009HP","CO01EXP010RO","CO01EXP010IN","CO01EXP010OT","CO01EXP010VE",
                "CO01EXP010CC","CO01EXP010HP","CO01EXP011RO","CO01EXP011IN","CO01EXP011OT","CO01EXP011VE","CO01EXP011CC","CO01EXP011HP","CO01EXP012RO","CO01EXP012IN","CO01EXP012OT","CO01EXP012VE","CO01EXP012CC","CO01EXP012HP","CO01EXP013RO","CO01EXP013IN","CO01EXP013OT","CO01EXP013VE","CO01EXP013CC","CO01EXP013HP","CO01END088RO","CO01EXP001RO","CO01MOR040RO","CO01END022RO","CO01NUM050RO","CO02NUM029TO","CO02EXP006TO","CO02END015CB","CO02EXP008TO","CO02NUM042CB","CO01NUM050CC","CO01END027RO","CO01MOR033RO","CO01END092RO","CO02NUM005TO","CO01END017RO","CO01END070RO","CO01ACP007CT","CO01MOR054IN","CO01INQ025",
                "CO01MOR068RO","CO01MOR047RO","CO01INQ016","CO01END010RO","CO01INQ017","CO02EXP009TO","CO01END015RO","CO02EXP007TO","CO01END017IN","CO01MOR040IN","CO02NUM030TO","CO01ACP015IN","CO01MOR002RO","CO01MOR002IN","CO01MOR002VE","CO01MOR003RO","CO01MOR002HP","CO01MOR003VE","CO01MOR003OT","CO01END001IN","CO01END001OT","CO01END005IN","CO01NUM018RO","CO01NUM019RO","CO01NUM018IN","CO01NUM019IN","CO01NUM019HP","CO01ACP001OT","CO01ACP001VE","CO01ACP001CC","CO01ACP001HP","CO01ACP004RO","CO01ACP004IN","CO01ACP004OT","CO01ACP004CC","CO01ACP004HP","CO01ACP005IN","CO01ACP005OT","CO01ACP005VE","CO01ACP005HP",
                "CO01ACP006RO","CO01ACP006IN","CO01ACP006OT","CO01ACP006VE","CO01ACP006HP","CO01ACP007RO","CO01ACP007OT","CO01ACP007IN","CO01ACP007VE","CO01ACP007CC","CO01ACP007HP","CO01MOR034IN","CO01MOR034OT","CO01MOR034VE","CO01MOR034HP","CO01MOR035RO","CO01MOR035VE","CO01MOR035CC","CO01MOR035HP","CO01MOR036RO","CO01MOR036IN","CO01MOR036OT","CO01MOR036CC","CO01MOR036HP","CO01MOR038RO","CO01MOR038IN","CO01MOR038OT","CO01MOR038VE","CO01MOR038CC","CO01MOR041RO","CO01MOR041IN","CO01MOR041OT","CO01MOR041VE","CO01MOR041CC","CO01MOR041HP","CO01MOR042IN","CO01MOR042OT","CO01MOR042VE",
                "CO01MOR042CC","CO01MOR042HP","CO01MOR043RO","CO01MOR043VE","CO01MOR043CC","CO01MOR043HP","CO01MOR045RO","CO01MOR045IN","CO01MOR048IN","CO01MOR048OT","CO01MOR048VE","CO01MOR048CC","CO01MOR048HP","CO01MOR049RO","CO01MOR049IN","CO01MOR049OT","CO01MOR049VE","CO01MOR049CC","CO01MOR050RO","CO01MOR050IN","CO01MOR050OT","CO01MOR050VE","CO01MOR050CC","CO01MOR050HP","CO01MOR052VE","CO01MOR006VE","CO02END016CB","CO01MOR086RO","CO01END022CC","CO01END076RO","CO01END093RO","CO01INQ026CC","CO01MOR092IN","CO02NUM041TO","CO01MOR040VE","CO01MOR033IN","CO01MOR080VE","CO01MOR021IN","CO01NUM005RO","CO01END060RO","CO01MOR054RO","CO01ACP007AH","CO01ACP007CO","CO01ACP017AH","CO01ACP017HP","CO01ACP017IN","CO01ACP017RO","CO01END001CO","CO01END002IN","CO01END005CC","CO01END005CO","CO01END006CC","CO01END006CO",
                "CO01END006HP","CO01END006IN","CO01END006OT","CO01END007HP","CO01END007IN","CO01END007VE","CO01END008RO","CO01END009RO","CO01END011CO","CO01END011IN","CO01END012CC","CO01END012RO","CO01END013CC","CO01END013CO","CO01END013IN","CO01END013RO","CO01END014RO","CO01END018HP","CO01END018RO","CO01END018VE","CO01END019RO","CO01END021HP","CO01END021IN","CO01END021RO","CO01END023CC","CO01END023CO","CO01END023HP","CO01END023IN","CO01END023OT","CO01END023RO","CO01END023VE",
                "CO01END024RO","CO01END026HP","CO01END026IN","CO01END026RO","CO01END026VE","CO01END028CC","CO01END028CO","CO01END028HP","CO01END028IN","CO01END028OT","CO01END028RO","CO01END028VE","CO01END031IN","CO01END034RO","CO01END035CC","CO01END035HP","CO01END035RO","CO01END035VE","CO01END036CC","CO01END036CO","CO01END036HP","CO01END036IN","CO01END037RO","CO01END038RO","CO01END040RO","CO01END041IN","CO01END041RO","CO01END045IN","CO01END045RO","CO01END045VE","CO01END046CO","CO01END046HP","CO01END046IN","CO01END046VE","CO01END055HP","CO01END055IN",
                "CO01END056CC","CO01END056HP","CO01END056IN","CO01END057RO","CO01END061VE","CO01END065IN","CO01END065RO","CO01END066HP","CO01END066IN","CO01END066RO","CO01END068RO","CO01END075RO","CO01END081RO","CO01END090HP","CO01END091RO","CO01END092HP","CO01NUM002AH","CO01NUM002CT","CO01NUM005AH","CO01NUM005CC","CO01NUM005HP","CO02END001IN","CO02END002CB","CO02END002HP","CO02END002IN","CO02END003HP","CO02END003IN","CO02END004CB","CO02END005CB","CO02END006CB","CO02END007HP","CO02END007IN","CO02END008HP","CO02END008IN","CO02END009HP","CO02END010HP",
                "CO02END010IN","CO02END011CB","CO02END012CB","CO02END014CB","CO02END032CB","CO02END033CB","CO02END033IN","CO02END037RO","CO02END040RO","CO02END042RO","CO02END044RO","CO02END046RO","CO02EXP004TO","CO02NUM001TO","CO02NUM003TO","CO02NUM004TO","CO02NUM019TO","CO02NUM037TO","CO02NUM038TO","CO02NUM039TO","CO02NUM042AH","CO02NUM042CT","CO02NUM042HP","CO02NUM043AH","CO02NUM043CC","CO02NUM043HP","CO02NUM043RO","CO02NUM086MX","COQ1END001TO",
                "COQ1END002HP","COQ1END002IN","COQ1END002MC","COQ1END002TC","COQ1END003HP","COQ1END003IN","COQ1END003MC","COQ1END003TC","COQ1END004HP","COQ1END004IN","COQ1END004TC","COQ1END005HP","COQ1END005IN","COQ1END005TC","COQ1END006HP","COQ1END006IN","COQ1END007IN","COQ1END008HP","COQ1END008IN","COQ1END008TC","COQ1END009HP","COQ1END009IN","COQ1END009TC","COQ1END010HP","COQ1END010IN","COQ1END010TC","COQ1END011TC","COQ1END012TC","COQ1END013TC","COQ1END014TC","COQ1END015TC","COQ1END016TC","COQ1END017TC","COQ1END018TC","COQ1END019TC","COQ1END020TC","COQ1EXP001HP","COQ1EXP002IN","COQ1EXP002TC","COQ1EXP003HP",
                "COQ1EXP004HP","COQ1EXP005TO","COQ1NUM001HP","COQ1NUM002HP","COQ1NUM002TC","COQ1NUM003TC"
            ],
            "xpmAttributeExpr": "[x.get('errorValue') or x.get('value') for x in {xpm}['bureauAttributes']['attributes'] if x.get('name') == {name} if x.get('errorValue') or x.get('value')]",
            "attributeFormat": "float"
        },
        {
            "attributeStatus": true,
            "attributeName": ["CO00DEM003"],
            "xpmAttributeExpr": "[{xpm}['bestPersonalInformation']['age']]",
            "attributeFormat": "int"
        },
        {
            "attributeStatus": true,
            "attributeName" : ["COQ1DEM001TO"],
            "xpmAttributeExpr" : "[x.get('tradeHolderIndicator', 0) for x in {xpm}['bestIdentifications'] if x.get('personIdType') == {xpm}['bureauAttributes']['personIdType']]",
            "attributeFormat": "int"
        },
        {
            "attributeStatus": true,
            "attributeName" : ["COQ1DEM002TO"],
            "xpmAttributeExpr" : "[x.get('activityType') for x in {xpm}['personalInformation'] if x.get('personIdType') == {xpm}['bureauAttributes']['personIdType'] if x.get('activityType')]",
            "attributeFormat": "int"
        },
        {
            "attributeStatus": true,
            "attributeName" : ["CO00DEM016", "CO00DEM012"],
            "xpmAttributeExpr" : "[x.get('issuingCityCode') for x in {xpm}['bestIdentifications'] if x.get('personIdType') == {xpm}['bureauAttributes']['personIdType'] if x.get('issuingCityCode')]",
            "attributeFormat": "float"
        },
        {
            "attributeStatus": true,
            "attributeName": ["CO00DEM006"],
            "xpmAttributeExpr": "[{xpm}['bestPersonalInformation']['gender']]",
            "attributeFormat": "int"
        },
        {
            "attributeStatus": true,
            "attributeName": ["CO00DEM026"],
            "xpmAttributeExpr":"[x.get('stratum') for x in {xpm}['location'] if x.get('personIdType') == {xpm}['bureauAttributes']['personIdType'] if x.get('stratum')]",
            "attributeFormat": "int"
        }
    ],
    "scoresOutputSchema": "'{idTypeFieldName}': {idType}, '{idNumberFieldName}': '{idNumber}', '{scoresFieldName}': {scores}",
    "scoresMainSectionFieldName": "bureauModels",
    "scoresSubSectionFieldName": "scores",
    "scoresOutputIdNumberField": "personIdNumber",
    "scoresOutputIdTypeField": "personIdType",
    "scoresCheckSections": [
        "{xpm}['bureauAttributes'].get('attributes') if {xpm}.get('bureauAttributes') else False",
        "{xpm}['bureauAttributes'].get('personIdNumber') if {xpm}.get('bureauAttributes') else False",
        "{xpm}['bureauAttributes'].get('personIdType') if {xpm}.get('bureauAttributes') else False"
    ]
}