Attribute;Percentage
CO01MOR037CC;100
CO01MOR036VE;100
CO02END008HP;100
CO01NUM042IN;100
CO02END033IN;100
CO02END019CB;100
CO01NUM005AH;90
CO01ACP005IN;95
CO01END004HP;95
CO01MOR034VE;100
CO01MOR009CC;100
CO01MOR063OT;100
CO01MOR067VE;95
CO02EXP009IN;100
CO01MOR006IN;100
CO01MOR063HP;95
CO01END003VE;100
CO01END034RO;100
CO01END022IN;100
CO01MOR065OT;100
CO02END009HP;100
CO01EXP013HP;95
CO01MOR009IN;100
CO01MOR064RO;100
CO01MOR087RO;100
CO01END006RO;95
CO01MOR069OT;100
CO01MOR072IN;100
CO02EXP008CC;100
CO01MOR040IN;90
CO01MOR003VE;100
CO01END004CC;90
CO02NUM020TO;100
CO01END026HP;95
CO01NUM001IN;70
CO01END004CO;95
CO01MOR055RO;100
CO01EXP004AH;70
CO01END005HP;95
CO01MOR007VE;100
CO01MOR048IN;90
COQ1END010HP;95
CO02EXP008TO;95
CO01END045RO;80
CO01NUM019IN;100
CO01EXP013OT;100
CO01MOR005HP;95
CO01MOR005VE;100
CO01MOR079VE;100
CO01MOR038OT;100
AAB-EXC;100
CO01EXP006RO;95
COQ1END007IN;100
CO01MOR090CC;100
CO01MOR079CO;95
CO01MOR034OT;100
CO01MOR055VE;100
CO01END011IN;100
CO01MOR079CC;100
CO01MOR036OT;100
CO01END011CO;95
CO01MOR044HP;95
CO02END034IN;95
CO01MOR058VE;100
CO01END046IN;100
CO01MOR073HP;95
COQ1END010TC;100
CO01MOR006RO;100
CO01END060RO;60
CO01MOR002CC;100
CO01MOR043VE;100
CO01END028HP;95
CO01END001RO;100
CO02NUM005TO;70
CO01MOR069RO;100
CO01MOR059VE;100
CO01MOR040VE;100
CO01MOR054IN;90
CO01NUM002RO;100
CO01ACP002VE;100
CO02END005CB;80
CO01END018VE;100
CO01MOR039IN;100
CO01MOR008CO;95
COQ1END008IN;100
CO01MOR067OT;100
CO01MOR075VE;100
CO01END092HP;95
CO01ACP004VE;100
CO01EXP007IN;100
CO01MOR043IN;90
CO01END057RO;95
CO01END005CC;100
CO01NUM019VE;100
CO01END017IN;100
CO01END005CO;95
CO01END021RO;65
CO01MOR073VE;100
CO01MOR077IN;100
CO01MOR038VE;100
CO01MOR039CC;100
CO01END014RO;80
CO01END066RO;60
CO01END010RO;95
CO01ACP041IN;90
CO01END005RO;100
CO01MOR046IN;90
CO01END021CO;95
CO01ACP017IN;25
CO02END001OT;100
CO01EXP013CC;100
CO01MOR036RO;100
CO01END037RO;90
CO01ACP004HP;95
CO01MOR017CC;100
CO01END090HP;95
CO02END024CB;100
CO01MOR063CC;100
CO01END035CC;95
CO01MOR067RO;95
CO00DEM012;100
CO01END085RO;100
CO01MOR055HP;95
CO01END007HP;95
CO01END077RO;65
CO01MOR065CC;100
CO01END006HP;95
CO01ACP004CC;90
CO01EXP001AH;20
CO01MOR068IN;100
CO00DEM003;20
CO02END034RO;75
CO01ACP007RO;75
CO01MOR046VE;100
CO02END046RO;65
CO00DEM001;100
CO01MOR034HP;95
CO01MOR002OT;100
CO01MOR059IN;95
CO01MOR062OT;100
CO01MOR053VE;100
CO01EXP006IN;95
CO01INQ016;100
CO01END078RO;65
CO01MOR004IN;100
CO01EXP012RO;100
CO01END018HP;95
CO01MOR080CC;90
CO01EXP005RO;5
CO01MOR051IN;90
CO01MOR042HP;95
CO02EXP006TO;80
CO01MOR078RO;100
CO01MOR007RO;100
CO01END040RO;65
CO01END045VE;100
CO02NUM043CC;95
CO01MOR050IN;90
CO02END026RO;50
CO01ACP008RO;80
CO01MOR075IN;95
CO01ACP017RO;15
CO01END022CO;95
CO02END016CB;100
CO01ACP006AH;100
CO01END015RO;55
CO01END022CC;100
CO02NUM042IN;75
QN3-EXC;100
CO02NUM043RO;80
CO01MOR033IN;100
CO01END086RO;55
CO01MOR043CC;100
CO02END004CB;75
CO02EXP011TO;90
CO02END045RO;70
CO01END007VE;100
CO01MOR006VE;100
CO01MOR058RO;100
CO01MOR041RO;100
CO01MOR006HP;95
CO01ACP002RO;80
CO01EXP009HP;95
CO01END025RO;40
CO01END036CO;90
CO01MOR059RO;100
CO01END093RO;80
COQ1EXP001HP;75
CO01END066IN;90
CO01MOR075RO;90
CO01END041IN;90
CO01NUM019CC;100
CO01NUM050CC;95
CO01EXP011RO;100
CO01MOR071HP;95
CO01MOR055CC;100
CO01END065RO;60
CO01MOR038RO;100
CO01MOR037IN;100
CO01EXP012OT;100
CO01EXP001HP;75
CO01MOR007IN;100
CO01END020RO;60
CO01MOR065HP;95
COQ1END001TO;100
CO01MOR045OT;100
CO01MOR079HP;95
CO01MOR035RO;100
CO01MOR052HP;95
CO01END001HP;95
CO01MOR053IN;90
CO01MOR078VE;100
CO01END026IN;70
CO01EXP010AH;100
CO01END035VE;100
CO01MOR060RO;100
CO01END001IN;100
CO01MOR002IN;100
CO01MOR077CC;100
CO01END023VE;100
CO01MOR056IN;95
CO01ACP005AH;100
CO01MOR072OT;100
CO01NUM019HP;95
CO02END001CB;100
CO01END046VE;100
CO02EXP013TO;95
CO01MOR048HP;95
CO01END088RO;40
CO01END029RO;70
CO01END066HP;95
COQ1END010IN;100
CO01MOR044IN;90
CO01ACP015IN;85
CO01MOR064CC;100
CO01ACP003CO;95
CO01EXP011VE;100
COQ1END011TC;100
CO01EXP009IN;100
CO01ACP003CC;90
CO01END004RO;100
CO01END001VE;100
CO01END005IN;100
CO01MOR047RO;85
CO01ACP006HP;95
CO01NUM002CC;100
CO01ACP002IN;95
CO01NUM002CO;95
CO01MOR053RO;100
CO02END010IN;100
CO01MOR057HP;95
CO01MOR046RO;100
CO01NUM001AH;90
CO02EXP007TO;100
CO01MOR062IN;100
CO01EXP008CC;100
CO01EXP001IN;30
CO01END065IN;90
CO01EXP008CO;95
CO01MOR038CC;100
CO01EXP012VE;100
COQ1END008HP;95
CO01EXP007HP;95
AAB-RE-EXC;100
CO01MOR035IN;100
CO01ACP007OT;100
CO01MOR074CC;100
CO01EXP001RO;15
CO01END013CC;95
CO01MOR071VE;100
CO01MOR067HP;95
CO01MOR006CC;100
CO01ACP005OT;100
CO01MOR063RO;100
CO01INQ025;5
CO01END081RO;95
CO01ACP001OT;100
CO01MOR004CC;100
CO01MOR077HP;95
CO01END018RO;100
CO02END017CB;100
CO01END023IN;90
CO01EXP002IN;55
CO01EXP011CT;100
CO02EXP013AH;100
CO02EXP009TO;95
CO01ACP009OT;100
COQ1END003HP;95
CO01MOR078HP;95
CO01END001CO;95
CO01END001CC;100
CO01END004IN;100
CO01ACP003VE;100
CO01MOR034RO;100
CO01END008RO;95
CO01MOR041VE;100
CO01MOR070OT;100
CO01MOR074VE;100
CO01EXP013IN;95
CO01EXP011OT;100
CO01END090RO;80
CO02NUM086MX;95
CO02END007HP;100
CO01MOR070HP;95
CO01MOR008VE;100
CO01MOR063IN;100
CO01NUM049CC;100
COQ1EXP002TC;55
CO01EXP012CC;100
COQ1EXP003HP;75
CO01EXP008HP;95
CO02NUM038TO;100
COQ1END002TC;100
COQ1END005IN;100
CO01MOR035VE;100
CO01EXP011CC;100
CO01MOR034IN;100
CO01MOR059HP;95
CO02END032CB;65
CO01MOR041HP;95
CO01EXP011HP;95
CO02NUM041TO;85
AAC-EXC;100
CO01MOR061CC;95
CO01MOR052OT;100
CO01MOR066VE;95
CO02NUM043HP;95
CO01END012OT;100
CO01END035RO;70
CO01END022RO;100
CO01MOR001CO;95
CO01MOR038HP;95
CO01MOR001CC;100
CO01MOR065RO;100
CO01MOR060VE;100
CO01MOR064IN;100
CO01ACP002CC;90
CO01MOR004HP;95
CO01END023RO;70
CO01END075RO;45
CO01MOR049HP;95
CO01ACP002CO;95
CO01MOR008IN;100
CO02END002OT;90
CO01MOR041OT;100
CO01ACP003OT;100
COQ1END014TC;100
COQ1END017TC;100
CO01EXP010OT;100
CO01MOR043OT;100
CO02END040RO;70
CO01NUM018CC;100
CO01MOR071RO;100
CO01MOR044RO;100
CO01NUM018CO;95
CO01ACP007HP;95
CO01END004VE;100
CO01MOR052VE;100
CO00DEM026;100
CO01MOR075CC;100
CO01END028IN;75
CO02NUM042CT;100
CO01END007IN;100
CO01MOR056HP;95
CO01EXP013RO;100
CO01MOR075CO;95
CO02NUM042CB;70
CO02EXP008OT;100
CO01ACP041OT;100
CO01EXP006AH;60
CO01MOR050OT;100
CO02NUM043CB;70
CO02END001IN;100
CO01END093IN;95
AAA;100
CO01EXP008RO;100
AAC;100
AAB;100
COQ1END009HP;95
CO01EXP009OT;100
CO02END014CB;75
CO01MOR051CC;100
CO02EXP004TO;90
CO01MOR009OT;100
CO01ACP007CO;95
CO01MOR063VE;95
CO01MOR071OT;100
CO01MOR101OT;100
CO01MOR060CC;100
CO01NUM005HP;95
CO01MOR065IN;100
CO01END027RO;100
CO01ACP007CC;90
CO01MOR001VE;100
CO01EXP001OT;40
CO01ACP006VE;100
COQ1END016TC;100
AAE-RE;100
CO01MOR076HP;95
CO01MOR079OT;100
CO02NUM028TO;95
COQ1END008TC;95
CO01EXP011IN;100
CO01MOR059CC;100
CO01ACP014RO;95
CO01MOR080IN;95
CO01ACP003RO;75
COQ1END006IN;100
COQ1NUM001HP;95
CO01ACP017HP;75
CO01MOR057RO;100
CO01NUM050RO;80
CO01MOR046HP;95
COQ1END004TC;100
CO01MOR070CC;100
CO01MOR074RO;100
CO01MOR042RO;100
COQ1END002HP;95
CO01END006IN;100
CO01MOR060HP;95
CO02NUM057RO;100
CO01MOR039VE;100
CO01END073RO;65
COQ1EXP005TO;100
CO01END021IN;85
CO02NUM039TO;100
CO01MOR076CC;100
CO01MOR076CO;95
CO01ACP017CC;20
CO01MOR046CC;100
CO01END007RO;95
CO01ACP002HP;95
CO01END068RO;90
CO01MOR043HP;95
CO01MOR003OT;100
CO01EXP007VE;100
CO01END039RO;65
CO01MOR049CC;100
CO01MOR073OT;100
CO01END084RO;100
CO01ACP006OT;100
COQ1END004IN;100
CO01MOR092IN;95
CO01MOR066RO;100
CO01END038RO;90
CO01MOR057OT;100
CO01MOR062HP;95
CO01MOR070IN;100
CO01MOR044OT;100
CO01MOR001OT;100
CO01EXP010IN;100
CO01MOR056OT;100
CO01END019RO;85
CO01MOR009CO;95
CO01MOR009VE;100
CO01END082RO;100
CO01MOR050HP;95
CO01END036IN;95
CO01MOR065VE;95
CO01EXP001VE;85
CO01MOR001IN;100
CO01ACP001CC;90
CO01MOR036HP;95
CO01EXP001CC;30
CO01EXP007OT;100
CO01MOR075HP;95
CO02END011CB;80
CO02END035CB;100
CO01MOR056CC;100
CO01MOR075OT;90
CO01MOR052RO;100
CO01EXP003OT;85
CO01EXP001CO;60
CO01MOR048RO;100
CO01ACP001HP;95
CO01MOR005OT;100
CO02END006RO;100
PHD;100
CO01END055HP;90
CO01ACP016CC;95
CO01EXP013VE;100
CO01MOR050CC;100
CO01END003IN;100
CO01MOR007OT;100
CO01MOR077OT;100
CO01MOR035CC;100
COQ1END019TC;85
COQ1NUM002TC;100
CO01END013RO;85
CO01MOR049OT;100
CO01MOR055OT;100
CO01MOR078IN;100
CO01EXP008VE;100
CO01END012RO;100
CO02NUM035TO;100
CO01MOR003HP;95
COQ1END003IN;100
CO01END087RO;55
CO01MOR033RO;85
CO01MOR022OT;100
CO01EXP010RO;100
CO02END044RO;70
CO01EXP002CC;60
CO02NUM030TO;100
CO02NUM004TO;100
AAD-RE;100
CO02END007IN;100
COQ1END015TC;100
CO01END061VE;95
CO01ACP004OT;100
CO01MOR002HP;95
CO01NUM002IN;95
CO01END003HP;95
CO01MOR066IN;100
CO01END018CC;95
CO02END003HP;100
CO01END007CO;95
CO01ACP002OT;100
CO01MOR053HP;95
CO01MOR044VE;100
QUANTO3-2;100
CO01EXP003AH;50
CO01MOR059OT;100
CO01END090CO;90
CO01END026VE;100
CO01MOR042OT;100
COQ1END009TC;100
AAD-RE-EXC;100
CO01MOR053OT;100
CO02NUM019TO;100
CO01MOR042VE;100
CO01NUM018RO;100
CO01MOR046OT;100
CO01END091RO;90
CO01EXP004CC;80
CO02END008IN;100
CO01MOR057VE;100
CO01MOR048OT;100
CO01EXP008AH;100
CO01MOR077VE;100
CO01MOR083CC;100
CO01END059RO;60
CO01MOR051OT;100
CO01EXP013AH;100
CO02EXP010TO;95
AAE;100
CO01EXP008OT;100
AAD;100
CO01ACP003HP;95
CO01END013IN;100
CO01NUM002VE;100
CO01EXP007RO;100
AAF;100
CO01ACP006CC;90
CO01NUM005CC;95
CO01NUM005RO;75
ACI-MASTER-F;100
CO01MOR052IN;90
CO01END023CO;95
CO01MOR008CC;100
CO01MOR003CC;100
CO01EXP009VE;100
AAE-EXC;100
CO01MOR008OT;100
CO01END070RO;45
CO01END017RO;100
CO01END023CC;90
CO01ACP006RO;70
CO01MOR069HP;95
CO01EXP006CC;80
CO01MOR078OT;100
CO02END033RO;85
CO01MOR067IN;100
CO01MOR071CC;100
CO01EXP002AH;70
CO01EXP002RO;60
CO01MOR035HP;95
CO01MOR074HP;95
CO01MOR070RO;100
CO01MOR045HP;95
CO01NUM050AH;0
CO01EXP012IN;100
CO02EXP002TO;75
CO01END002IN;100
CO01MOR004RO;100
CO01MOR001RO;95
CO01END023HP;90
CO01ACP042IN;85
AAE-RE-EXC;100
CO01EXP009AH;100
CO01END056IN;95
CO01MOR009RO;100
CO01MOR051VE;100
CO02NUM001TO;75
CO01MOR048VE;100
CO01NUM018IN;100
CO01NUM002CT;100
CO01MOR061IN;95
CO02NUM002TO;95
CO02END002HP;100
COQ1END003TC;100
CO01NUM001HP;95
COQ1END006HP;95
CO02NUM037TO;90
CO01END035HP;95
CO01MOR062RO;95
CO01MOR072HP;95
CO01MOR006OT;100
CO01MOR066CC;100
CO02END037RO;95
CO01ACP005CC;90
CO01END021HP;90
CO01END036CC;95
CO01ACP015RO;85
CO01MOR008RO;100
CO01END003RO;100
CO01EXP010VE;100
CO01ACP005CT;100
COQ1NUM003TC;100
CO01MOR042CC;100
COQ1END020TC;100
CO01MOR057CC;100
CO01MOR041IN;90
CO02END002IN;95
CO01MOR086RO;90
CO01MOR051HP;95
CO01MOR072CO;100
CO01END028CO;95
CO01MOR072CC;100
CO01END028CC;95
CO01ACP001RO;80
CO01MOR056RO;100
CO01END005OT;100
CO01END026RO;45
CO01MOR049IN;90
COQ1END005TC;100
CO01NUM001CO;95
CO01NUM001CC;95
CO01MOR076RO;100
CO01MOR045CC;100
CO01MOR069IN;100
CO01END001OT;100
CO01MOR064HP;95
CO01MOR004OT;100
CO01MOR038IN;100
CO01MOR034CC;100
CO01END071RO;95
CO01NUM018VE;100
CO02NUM072IN;90
CO01MOR077RO;100
CO01NUM001CT;100
CO01NUM001OT;100
CO01ACP007IN;85
CO01MOR039RO;100
CO01END041RO;65
COQ1END002MC;100
CO01MOR037HP;95
CO01MOR036IN;100
CO01MOR037RO;100
CO01END012CC;95
CO01MOR048CC;100
CO01END055IN;95
CO02END012CB;75
CO01NUM018HP;95
CO01END023OT;90
CO02NUM036TO;90
CO01ACP001IN;95
CO01MOR033CC;95
CO01END028VE;100
CO01MOR009HP;95
CO01MOR002VE;100
CO01ACP005HP;95
CO01MOR072VE;100
CO01MOR068RO;100
CO02END006CB;80
COQ1END009IN;100
CO01END006CO;95
CO01ACP007CT;100
CO01END005VE;100
CO01END006CC;100
CO02EXP003TO;60
CO02END028RO;100
CO01MOR070VE;100
CO01NUM018OT;100
CO02NUM029TO;0
CO01END027OT;100
CO01MOR050RO;100
CO01MOR049RO;100
COQ1END003MC;100
CO01EXP004RO;95
CO01END009RO;95
CO01END031IN;95
CO02NUM018TO;100
CO01MOR016IN;100
CO01END030RO;35
CO01END017CC;100
CO01NUM005IN;65
CO01END022VE;100
CO01MOR004VE;100
CO01EXP009RO;100
CO01ACP005VE;100
CO01MOR076IN;95
CO01END003OT;90
CO01END028RO;55
CO01ACP008AH;85
CO01MOR066HP;95
CO01ACP007VE;100
CO01NUM019OT;100
CO02END042RO;65
CO01MOR008HP;95
CO01EXP010CC;100
COQ1DEM001TO;100
CO01END036HP;95
CO02END033CB;85
CO01MOR058OT;100
CO02END024IN;95
COQ1END004HP;95
CO01MOR062VE;95
CO01INQ017;100
CO01END018IN;95
CO02EXP005TO;0
CO01MOR042IN;90
AAD-EXC;100
COQ1END013TC;100
CO01MOR003RO;100
CO01MOR064OT;100
CO01NUM001VE;95
CO01MOR080VE;100
COQ1EXP004HP;100
AAB-RE;100
CO01MOR058IN;95
CO01MOR045VE;100
CO01NUM002AH;100
CO01MOR043RO;100
CO01MOR052CC;100
CO01MOR039CO;95
CO00DEM002;100
CO01MOR005IN;100
PHD-EXC;100
CO01MOR056VE;100
CO00DEM006;100
CO01END080RO;45
CO01MOR001HP;95
CO00DEM016;20
CO01ACP001VE;100
CO01EXP006CT;90
CO01MOR051RO;100
CO01EXP010HP;95
CO01END028OT;95
CO01MOR073IN;100
CO01MOR004CO;95
CO01END046HP;95
CO01MOR076VE;100
CO01END024RO;80
QUANTO3;100
CO01MOR021IN;100
CO01MOR074IN;100
CO01MOR078CC;100
CO01MOR007CC;100
CO01MOR077CO;95
CO01MOR078CO;95
CO01MOR044CO;100
CO01MOR035OT;100
AAA-EXC;100
CO01MOR037OT;100
CO01MOR079IN;100
CO01ACP007AH;95
CO02END015CB;100
CO01MOR039HP;95
CO01MOR037VE;100
COQ1END002IN;100
COQ1DEM002TO;100
COQ1EXP002IN;50
CO01END056HP;90
CO01END076RO;85
CO01MOR007HP;95
CO01EXP009CC;100
CO02EXP013CC;100
CO01MOR071IN;100
CO01EXP012HP;95
CO01MOR064VE;95
CO01MOR067CC;100
CO01MOR045IN;90
CO02END006IN;100
CO01MOR069CC;100
COQ1END018TC;100
CO01MOR058HP;95
CO02END035RO;70
CO01ACP004IN;95
CO01MOR002RO;100
CO01MOR076OT;100
CO01MOR060OT;100
CO01MOR053CC;100
CO02EXP001TO;20
CO01END004OT;90
CO01MOR060IN;95
AAF-EXC;100
CO01MOR073CC;100
CO01END092RO;80
CO01MOR072RO;100
CO01END089RO;35
CO01MOR005RO;100
CO01MOR079RO;100
CO01END027CC;100
CO01MOR049VE;100
CO01ACP017AH;25
CO01EXP007CC;100
CO01EXP007CO;95
CO01MOR055IN;95
CO01MOR050VE;100
CO01NUM002HP;95
CO02NUM042AH;90
CO02END010HP;100
CO01ACP006IN;85
CO02END018CB;100
CO02END024RO;70
CO01MOR062CC;100
CO01EXP008IN;100
CO02END003IN;90
CO01END012IN;100
CO01NUM004AH;100
CO01END013CO;95
CO01MOR074OT;100
CO01MOR003IN;100
CO01MOR036CC;100
COQ1END012TC;5
CO02NUM043AH;90
CO01END003CC;90
CO01END003CO;95
CO01END006OT;100
CO01MOR058CO;100
COQ1END005HP;95
CO01MOR057IN;95
CO01MOR041CC;100
CO02END002CB;85
CO01MOR069VE;100
CO01MOR058CC;100
CO01MOR040RO;95
CO01MOR066OT;100
CO01END046CO;90
CO02NUM042HP;95
CO01MOR098IN;95
CO01ACP004RO;80
COQ1NUM002HP;95
CO01MOR068CC;100
CO01MOR005CC;100
CO01ACP003IN;95
CO01NUM001RO;75
CO01MOR073RO;100
CO01MOR044CC;100
CO01NUM019RO;100
CO01MOR054RO;95
CO01MOR045RO;100
CO01END045IN;100
CO01END056CC;95
CO01MOR039OT;100
CO01ACP005RO;75
CO02NUM003TO;95
CO01NUM002OT;100
