{
    "TIPOID": "+1.0000",
    "NUMID": "+9102392.0000",
    "LLAVE": {
        "CO02END006CB": "+5.2300",
        "CO00DEM001": "+.0000",
        "CO00DEM002": "+.0000",
        "CO00DEM003": "+40.0000",
        "CO00DEM006": "+.0000",
        "CO00DEM012": "+1.0000",
        "CO00DEM016": "+5.0000",
        "CO00DEM026": "+6.0000",
        "CO01ACP001CC": "+.0000",
        "CO01ACP001HP": "-1.0000",
        "CO01ACP001IN": "+.0000",
        "CO01ACP001OT": "+.0000",
        "CO01ACP001RO": "+.0000",
        "CO01ACP001VE": "+.0000",
        "CO01ACP002CC": "+.0000",
        "CO01ACP002CO": "-1.0000",
        "CO01ACP002HP": "-1.0000",
        "CO01ACP002IN": "+.0000",
        "CO01ACP002OT": "+.0000",
        "CO01ACP002RO": "+.0000",
        "CO01ACP002VE": "+.0000",
        "CO01ACP003CC": "+.0000",
        "CO01ACP003CO": "-1.0000",
        "CO01ACP003HP": "-1.0000",
        "CO01ACP003IN": "+.0000",
        "CO01ACP003OT": "+.0000",
        "CO01ACP003RO": "+2.0000",
        "CO01ACP003VE": "+.0000",
        "CO01ACP004CC": "+1.0000",
        "CO01ACP004HP": "-1.0000",
        "CO01ACP004IN": "+.0000",
        "CO01ACP004OT": "+.0000",
        "CO01ACP004RO": "+2.0000",
        "CO01ACP004VE": "+.0000",
        "CO01ACP005AH": "+1.0000",
        "CO01ACP005CC": "+1.0000",
        "CO01ACP005CT": "+.0000",
        "CO01ACP005HP": "-1.0000",
        "CO01ACP005IN": "+.0000",
        "CO01ACP005OT": "+.0000",
        "CO01ACP005RO": "+2.0000",
        "CO01ACP005VE": "+.0000",
        "CO01ACP006AH": "+1.0000",
        "CO01ACP006CC": "+1.0000",
        "CO01ACP006HP": "-1.0000",
        "CO01ACP006IN": "+1.0000",
        "CO01ACP006OT": "+.0000",
        "CO01ACP006RO": "+3.0000",
        "CO01ACP006VE": "+.0000",
        "CO01ACP007AH": "+1.0000",
        "CO01ACP007CC": "+1.0000",
        "CO01ACP007CO": "-1.0000",
        "CO01ACP007CT": "+.0000",
        "CO01ACP007HP": "-1.0000",
        "CO01ACP007IN": "+2.0000",
        "CO01ACP007OT": "+.0000",
        "CO01ACP007RO": "+3.0000",
        "CO01ACP007VE": "+.0000",
        "CO01ACP008AH": "+4.0000",
        "CO01ACP008RO": "+28.0000",
        "CO01ACP009OT": "-2.0000",
        "CO01ACP014RO": "+1.0000",
        "CO01ACP015IN": "+3.0000",
        "CO01ACP015RO": "+3.0000",
        "CO01ACP016CC": "+3.0000",
        "CO01ACP017AH": "+96.0000",
        "CO01ACP017CC": "+13.0000",
        "CO01ACP017HP": "-1.0000",
        "CO01ACP017IN": "+9.0000",
        "CO01ACP017RO": "+9.0000",
        "CO01ACP041IN": "+1.0000",
        "CO01ACP041OT": "+1.0000",
        "CO01ACP042IN": "-2.0000",
        "CO01END001CC": "-99.0000",
        "CO01END001CO": "-1.0000",
        "CO01END001HP": "-1.0000",
        "CO01END001IN": "+.0000",
        "CO01END001OT": "+.0000",
        "CO01END001RO": "+45.6600",
        "CO01END001VE": "-2.0000",
        "CO01END002IN": "+.0000",
        "CO01END003CC": "+.0000",
        "CO01END003CO": "-1.0000",
        "CO01END003HP": "-1.0000",
        "CO01END003IN": "+.0000",
        "CO01END003OT": "+.0000",
        "CO01END003RO": "+.0000",
        "CO01END003VE": "-2.0000",
        "CO01END004CC": "+.0000",
        "CO01END004CO": "-1.0000",
        "CO01END004HP": "-1.0000",
        "CO01END004IN": "+.0000",
        "CO01END004OT": "+.0000",
        "CO01END004RO": "+.0000",
        "CO01END004VE": "-2.0000",
        "CO01END005CC": "+.1200",
        "CO01END005CO": "-1.0000",
        "CO01END005HP": "-1.0000",
        "CO01END005IN": "+.0000",
        "CO01END005OT": "+.0000",
        "CO01END005RO": "+2.3900",
        "CO01END005VE": "-2.0000",
        "CO01END006CC": "+.1200",
        "CO01END006CO": "-1.0000",
        "CO01END006HP": "-1.0000",
        "CO01END006IN": "+.0000",
        "CO01END006OT": "+.0000",
        "CO01END006RO": "+.2400",
        "CO01END007CO": "-1.0000",
        "CO01END007HP": "-1.0000",
        "CO01END007IN": "+6.6400",
        "CO01END007RO": "+262.2500",
        "CO01END007VE": "-2.0000",
        "CO01END008RO": "+26.2300",
        "CO01END009RO": "+216.5900",
        "CO01END010RO": "+21.6600",
        "CO01END011CO": "-1.0000",
        "CO01END011IN": "+.0000",
        "CO01END012CC": "+.0000",
        "CO01END012IN": "+.0000",
        "CO01END012OT": "+.0000",
        "CO01END012RO": "+.0000",
        "CO01END013CC": "+.1200",
        "CO01END013CO": "-1.0000",
        "CO01END013IN": "+.0000",
        "CO01END013RO": "+.1700",
        "CO01END014RO": "+26.0800",
        "CO01END015RO": "+21.1100",
        "CO01END017CC": "+.0000",
        "CO01END017IN": "+.0000",
        "CO01END017RO": "+.0000",
        "CO01END018CC": "+.1200",
        "CO01END018HP": "-1.0000",
        "CO01END018IN": "+.0000",
        "CO01END018RO": "+.1900",
        "CO01END018VE": "-3.0000",
        "CO01END019RO": "+25.2700",
        "CO01END020RO": "+20.1000",
        "CO01END021CO": "-1.0000",
        "CO01END021HP": "-1.0000",
        "CO01END021IN": "+.0000",
        "CO01END021RO": "+4.9900",
        "CO01END022CC": "+.0000",
        "CO01END022CO": "-1.0000",
        "CO01END022IN": "+.0000",
        "CO01END022RO": "+.0000",
        "CO01END022VE": "-3.0000",
        "CO01END023CC": "+.1200",
        "CO01END023CO": "-1.0000",
        "CO01END023HP": "-1.0000",
        "CO01END023IN": "+.0000",
        "CO01END023OT": "+.0000",
        "CO01END023RO": "+.2100",
        "CO01END023VE": "-3.0000",
        "CO01END024RO": "+22.9200",
        "CO01END025RO": "+17.8000",
        "CO01END026HP": "-1.0000",
        "CO01END026IN": "+3.0600",
        "CO01END026RO": "+9.0000",
        "CO01END026VE": "-3.0000",
        "CO01END027CC": "+.0000",
        "CO01END027OT": "+.0000",
        "CO01END027RO": "+.0000",
        "CO01END028CC": "+.1200",
        "CO01END028CO": "-1.0000",
        "CO01END028HP": "-1.0000",
        "CO01END028IN": "+.2200",
        "CO01END028OT": "+.0000",
        "CO01END028RO": "+.4100",
        "CO01END028VE": "-3.0000",
        "CO01END029RO": "+27.6400",
        "CO01END030RO": "+18.5500",
        "CO01END031IN": "+.0000",
        "CO01END034RO": "+.0000",
        "CO01END035CC": "+.1200",
        "CO01END035HP": "-1.0000",
        "CO01END035RO": "+2.2000",
        "CO01END035VE": "-3.0000",
        "CO01END036CC": "+.1200",
        "CO01END036CO": "-1.0000",
        "CO01END036HP": "-1.0000",
        "CO01END036IN": "+.0000",
        "CO01END037RO": "+228.7800",
        "CO01END038RO": "+22.8800",
        "CO01END039RO": "+178.7500",
        "CO01END040RO": "+17.8800",
        "CO01END041IN": "+.0000",
        "CO01END041RO": "+59.4300",
        "CO01END045IN": "+.0000",
        "CO01END045RO": "+1.6600",
        "CO01END045VE": "-3.0000",
        "CO01END046CO": "-1.0000",
        "CO01END046HP": "-1.0000",
        "CO01END046IN": "+.0000",
        "CO01END046VE": "-3.0000",
        "CO01END055HP": "-1.0000",
        "CO01END055IN": "+.0000",
        "CO01END056CC": "+.1200",
        "CO01END056HP": "-1.0000",
        "CO01END056IN": "+.0000",
        "CO01END057RO": "+192.5500",
        "CO01END059RO": "+122.7700",
        "CO01END060RO": "+12.2800",
        "CO01END061VE": "-3.0000",
        "CO01END065IN": "+.8800",
        "CO01END065RO": "+5.7800",
        "CO01END066HP": "-1.0000",
        "CO01END066IN": "+.2900",
        "CO01END066RO": "+.6400",
        "CO01END068RO": "+24.6300",
        "CO01END070RO": "+16.4600",
        "CO01END071RO": "+9.9200",
        "CO01END073RO": "+14.7300",
        "CO01END075RO": "+22.5100",
        "CO01END076RO": "+17.4100",
        "CO01END077RO": "+21.8700",
        "CO01END078RO": "+25.9800",
        "CO01END080RO": "+33.1600",
        "CO01END081RO": "+9.0000",
        "CO01END082RO": "+.0000",
        "CO01END084RO": "+1.0000",
        "CO01END085RO": "+.0000",
        "CO01END086RO": "+17.4300",
        "CO01END087RO": "+19.6500",
        "CO01END088RO": "+21.7600",
        "CO01END089RO": "+32.5600",
        "CO01END090CO": "-1.0000",
        "CO01END090HP": "-1.0000",
        "CO01END090RO": "+41.7700",
        "CO01END091RO": "+29.5300",
        "CO01END092HP": "-1.0000",
        "CO01END092RO": "+43.1700",
        "CO01END093IN": "+100.0000",
        "CO01END093RO": "+77.1600",
        "CO01EXP001AH": "+205.0000",
        "CO01EXP001CC": "+190.0000",
        "CO01EXP001CO": "-1.0000",
        "CO01EXP001HP": "-1.0000",
        "CO01EXP001IN": "+163.0000",
        "CO01EXP001OT": "+151.0000",
        "CO01EXP001RO": "+241.0000",
        "CO01EXP001VE": "+162.0000",
        "CO01EXP002AH": "+14.0000",
        "CO01EXP002CC": "+16.0000",
        "CO01EXP002IN": "+35.0000",
        "CO01EXP002RO": "+8.0000",
        "CO01EXP003AH": "+193.0000",
        "CO01EXP003OT": "+78.0000",
        "CO01EXP004AH": "+14.0000",
        "CO01EXP004CC": "+16.0000",
        "CO01EXP004RO": "+8.0000",
        "CO01EXP005RO": "+31.0000",
        "CO01EXP006AH": "+99.0000",
        "CO01EXP006CC": "+16.0000",
        "CO01EXP006CT": "+106.0000",
        "CO01EXP006IN": "+55.0000",
        "CO01EXP006RO": "+94.0000",
        "CO01EXP007CC": "-2.0000",
        "CO01EXP007CO": "-1.0000",
        "CO01EXP007HP": "-1.0000",
        "CO01EXP007IN": "-2.0000",
        "CO01EXP007OT": "-2.0000",
        "CO01EXP007RO": "-2.0000",
        "CO01EXP007VE": "-2.0000",
        "CO01EXP008AH": "-2.0000",
        "CO01EXP008CC": "-2.0000",
        "CO01EXP008CO": "-1.0000",
        "CO01EXP008HP": "-1.0000",
        "CO01EXP008IN": "-2.0000",
        "CO01EXP008OT": "-2.0000",
        "CO01EXP008RO": "+2.0000",
        "CO01EXP008VE": "-2.0000",
        "CO01EXP009AH": "+1.0000",
        "CO01EXP009CC": "+1.0000",
        "CO01EXP009HP": "-1.0000",
        "CO01EXP009IN": "-2.0000",
        "CO01EXP009OT": "-2.0000",
        "CO01EXP009RO": "+2.0000",
        "CO01EXP009VE": "-2.0000",
        "CO01EXP010AH": "+1.0000",
        "CO01EXP010CC": "+1.0000",
        "CO01EXP010HP": "-1.0000",
        "CO01EXP010IN": "-2.0000",
        "CO01EXP010OT": "-2.0000",
        "CO01EXP010RO": "+2.0000",
        "CO01EXP010VE": "-2.0000",
        "CO01EXP011CC": "+1.0000",
        "CO01EXP011CT": "-2.0000",
        "CO01EXP011HP": "-1.0000",
        "CO01EXP011IN": "-2.0000",
        "CO01EXP011OT": "-2.0000",
        "CO01EXP011RO": "+2.0000",
        "CO01EXP011VE": "-2.0000",
        "CO01EXP012CC": "+1.0000",
        "CO01EXP012HP": "-1.0000",
        "CO01EXP012IN": "+2.0000",
        "CO01EXP012OT": "-2.0000",
        "CO01EXP012RO": "+5.0000",
        "CO01EXP012VE": "-2.0000",
        "CO01EXP013AH": "+3.0000",
        "CO01EXP013CC": "-2.0000",
        "CO01EXP013HP": "-1.0000",
        "CO01EXP013IN": "-2.0000",
        "CO01EXP013OT": "+1.0000",
        "CO01EXP013RO": "+5.0000",
        "CO01EXP013VE": "-2.0000",
        "CO01INQ016": "+1.0000",
        "CO01INQ017": "+1.0000",
        "CO01INQ025": "+.0000",
        "CO01MOR001CC": "+1.0000",
        "CO01MOR001CO": "-1.0000",
        "CO01MOR001HP": "-1.0000",
        "CO01MOR001IN": "+2.0000",
        "CO01MOR001OT": "+1.0000",
        "CO01MOR001RO": "+10.0000",
        "CO01MOR001VE": "-2.0000",
        "CO01MOR002CC": "+.0000",
        "CO01MOR002HP": "-1.0000",
        "CO01MOR002IN": "+.0000",
        "CO01MOR002OT": "+.0000",
        "CO01MOR002RO": "+.0000",
        "CO01MOR002VE": "-2.0000",
        "CO01MOR003CC": "+.0000",
        "CO01MOR003HP": "-1.0000",
        "CO01MOR003IN": "+.0000",
        "CO01MOR003OT": "+.0000",
        "CO01MOR003RO": "+.0000",
        "CO01MOR003VE": "-2.0000",
        "CO01MOR004CC": "+.0000",
        "CO01MOR004CO": "-1.0000",
        "CO01MOR004HP": "-1.0000",
        "CO01MOR004IN": "+.0000",
        "CO01MOR004OT": "+.0000",
        "CO01MOR004RO": "+.0000",
        "CO01MOR004VE": "-2.0000",
        "CO01MOR005CC": "+.0000",
        "CO01MOR005HP": "-1.0000",
        "CO01MOR005IN": "+.0000",
        "CO01MOR005OT": "+.0000",
        "CO01MOR005RO": "+.0000",
        "CO01MOR005VE": "-2.0000",
        "CO01MOR006CC": "+.0000",
        "CO01MOR006HP": "-1.0000",
        "CO01MOR006IN": "+.0000",
        "CO01MOR006OT": "+.0000",
        "CO01MOR006RO": "+.0000",
        "CO01MOR006VE": "-2.0000",
        "CO01MOR007CC": "+.0000",
        "CO01MOR007HP": "-1.0000",
        "CO01MOR007IN": "+.0000",
        "CO01MOR007OT": "+.0000",
        "CO01MOR007RO": "+.0000",
        "CO01MOR007VE": "-2.0000",
        "CO01MOR008CC": "+.0000",
        "CO01MOR008CO": "-1.0000",
        "CO01MOR008HP": "-1.0000",
        "CO01MOR008IN": "+.0000",
        "CO01MOR008OT": "+.0000",
        "CO01MOR008RO": "+.0000",
        "CO01MOR008VE": "-2.0000",
        "CO01MOR009CC": "+.0000",
        "CO01MOR009CO": "-1.0000",
        "CO01MOR009HP": "-1.0000",
        "CO01MOR009IN": "+.0000",
        "CO01MOR009OT": "+.0000",
        "CO01MOR009RO": "+.0000",
        "CO01MOR009VE": "-88.0000",
        "CO01MOR016IN": "-3.0000",
        "CO01MOR017CC": "+.0000",
        "CO01MOR021IN": "-3.0000",
        "CO01MOR022OT": "-3.0000",
        "CO01MOR033CC": "+1.0000",
        "CO01MOR033IN": "+2.0000",
        "CO01MOR033RO": "+10.0000",
        "CO01MOR034CC": "+.0000",
        "CO01MOR034HP": "-1.0000",
        "CO01MOR034IN": "+.0000",
        "CO01MOR034OT": "+.0000",
        "CO01MOR034RO": "+.0000",
        "CO01MOR034VE": "-4.0000",
        "CO01MOR035CC": "+.0000",
        "CO01MOR035HP": "-1.0000",
        "CO01MOR035IN": "+.0000",
        "CO01MOR035OT": "+.0000",
        "CO01MOR035RO": "+.0000",
        "CO01MOR035VE": "-4.0000",
        "CO01MOR036CC": "+.0000",
        "CO01MOR036HP": "-1.0000",
        "CO01MOR036IN": "+.0000",
        "CO01MOR036OT": "+.0000",
        "CO01MOR036RO": "+.0000",
        "CO01MOR036VE": "-4.0000",
        "CO01MOR037CC": "+.0000",
        "CO01MOR037HP": "-1.0000",
        "CO01MOR037IN": "+.0000",
        "CO01MOR037OT": "+.0000",
        "CO01MOR037RO": "+.0000",
        "CO01MOR037VE": "-4.0000",
        "CO01MOR038CC": "+.0000",
        "CO01MOR038HP": "-1.0000",
        "CO01MOR038IN": "+.0000",
        "CO01MOR038OT": "+.0000",
        "CO01MOR038RO": "+.0000",
        "CO01MOR038VE": "-4.0000",
        "CO01MOR039CC": "+.0000",
        "CO01MOR039CO": "-1.0000",
        "CO01MOR039HP": "-1.0000",
        "CO01MOR039IN": "+.0000",
        "CO01MOR039OT": "+.0000",
        "CO01MOR039RO": "+.0000",
        "CO01MOR039VE": "-4.0000",
        "CO01MOR040IN": "+2.0000",
        "CO01MOR040RO": "+10.0000",
        "CO01MOR040VE": "-4.0000",
        "CO01MOR041CC": "+.0000",
        "CO01MOR041HP": "-1.0000",
        "CO01MOR041IN": "+.0000",
        "CO01MOR041OT": "+.0000",
        "CO01MOR041RO": "+.0000",
        "CO01MOR041VE": "-4.0000",
        "CO01MOR042CC": "+.0000",
        "CO01MOR042HP": "-1.0000",
        "CO01MOR042IN": "+.0000",
        "CO01MOR042OT": "+.0000",
        "CO01MOR042RO": "+.0000",
        "CO01MOR042VE": "-4.0000",
        "CO01MOR043CC": "+.0000",
        "CO01MOR043HP": "-1.0000",
        "CO01MOR043IN": "+.0000",
        "CO01MOR043OT": "+.0000",
        "CO01MOR043RO": "+.0000",
        "CO01MOR043VE": "-4.0000",
        "CO01MOR044CC": "+.0000",
        "CO01MOR044CO": "-1.0000",
        "CO01MOR044HP": "-1.0000",
        "CO01MOR044IN": "+.0000",
        "CO01MOR044OT": "+.0000",
        "CO01MOR044RO": "+.0000",
        "CO01MOR044VE": "-4.0000",
        "CO01MOR045CC": "+.0000",
        "CO01MOR045HP": "-1.0000",
        "CO01MOR045IN": "+.0000",
        "CO01MOR045OT": "+.0000",
        "CO01MOR045RO": "+.0000",
        "CO01MOR045VE": "-4.0000",
        "CO01MOR046CC": "+.0000",
        "CO01MOR046HP": "-1.0000",
        "CO01MOR046IN": "+.0000",
        "CO01MOR046OT": "+.0000",
        "CO01MOR046RO": "+.0000",
        "CO01MOR046VE": "-4.0000",
        "CO01MOR047RO": "+8.0000",
        "CO01MOR048CC": "+.0000",
        "CO01MOR048HP": "-1.0000",
        "CO01MOR048IN": "+.0000",
        "CO01MOR048OT": "+.0000",
        "CO01MOR048RO": "+.0000",
        "CO01MOR048VE": "-4.0000",
        "CO01MOR049CC": "+.0000",
        "CO01MOR049HP": "-1.0000",
        "CO01MOR049IN": "+.0000",
        "CO01MOR049OT": "+.0000",
        "CO01MOR049RO": "+.0000",
        "CO01MOR049VE": "-4.0000",
        "CO01MOR050CC": "+.0000",
        "CO01MOR050HP": "-1.0000",
        "CO01MOR050IN": "+.0000",
        "CO01MOR050OT": "+.0000",
        "CO01MOR050RO": "+.0000",
        "CO01MOR050VE": "-4.0000",
        "CO01MOR051CC": "+.0000",
        "CO01MOR051HP": "-1.0000",
        "CO01MOR051IN": "+.0000",
        "CO01MOR051OT": "+.0000",
        "CO01MOR051RO": "+.0000",
        "CO01MOR051VE": "-4.0000",
        "CO01MOR052CC": "+.0000",
        "CO01MOR052HP": "-1.0000",
        "CO01MOR052IN": "+.0000",
        "CO01MOR052OT": "+.0000",
        "CO01MOR052RO": "+.0000",
        "CO01MOR052VE": "-4.0000",
        "CO01MOR053CC": "+.0000",
        "CO01MOR053HP": "-1.0000",
        "CO01MOR053IN": "+.0000",
        "CO01MOR053OT": "+.0000",
        "CO01MOR053RO": "+.0000",
        "CO01MOR053VE": "-4.0000",
        "CO01MOR054IN": "+3.0000",
        "CO01MOR054RO": "+9.0000",
        "CO01MOR055CC": "+.0000",
        "CO01MOR055HP": "-1.0000",
        "CO01MOR055IN": "+.0000",
        "CO01MOR055OT": "+.0000",
        "CO01MOR055RO": "+.0000",
        "CO01MOR055VE": "-4.0000",
        "CO01MOR056CC": "+.0000",
        "CO01MOR056HP": "-1.0000",
        "CO01MOR056IN": "+.0000",
        "CO01MOR056OT": "+.0000",
        "CO01MOR056RO": "+.0000",
        "CO01MOR056VE": "-4.0000",
        "CO01MOR057CC": "+.0000",
        "CO01MOR057HP": "-1.0000",
        "CO01MOR057IN": "+.0000",
        "CO01MOR057OT": "+.0000",
        "CO01MOR057RO": "+.0000",
        "CO01MOR057VE": "-4.0000",
        "CO01MOR058CC": "+.0000",
        "CO01MOR058CO": "-1.0000",
        "CO01MOR058HP": "-1.0000",
        "CO01MOR058IN": "+.0000",
        "CO01MOR058OT": "+.0000",
        "CO01MOR058RO": "+.0000",
        "CO01MOR058VE": "-4.0000",
        "CO01MOR059CC": "+.0000",
        "CO01MOR059HP": "-1.0000",
        "CO01MOR059IN": "+.0000",
        "CO01MOR059OT": "+.0000",
        "CO01MOR059RO": "+.0000",
        "CO01MOR059VE": "-4.0000",
        "CO01MOR060CC": "+.0000",
        "CO01MOR060HP": "-1.0000",
        "CO01MOR060IN": "+.0000",
        "CO01MOR060OT": "+.0000",
        "CO01MOR060RO": "+.0000",
        "CO01MOR060VE": "-4.0000",
        "CO01MOR061CC": "+1.0000",
        "CO01MOR061IN": "+3.0000",
        "CO01MOR062CC": "+.0000",
        "CO01MOR062HP": "-1.0000",
        "CO01MOR062IN": "+.0000",
        "CO01MOR062OT": "+.0000",
        "CO01MOR062RO": "+.0000",
        "CO01MOR062VE": "-4.0000",
        "CO01MOR063CC": "+.0000",
        "CO01MOR063HP": "-1.0000",
        "CO01MOR063IN": "+.0000",
        "CO01MOR063OT": "+.0000",
        "CO01MOR063RO": "+.0000",
        "CO01MOR063VE": "-4.0000",
        "CO01MOR064CC": "+.0000",
        "CO01MOR064HP": "-1.0000",
        "CO01MOR064IN": "+.0000",
        "CO01MOR064OT": "+.0000",
        "CO01MOR064RO": "+.0000",
        "CO01MOR064VE": "-4.0000",
        "CO01MOR065CC": "+.0000",
        "CO01MOR065HP": "-1.0000",
        "CO01MOR065IN": "+.0000",
        "CO01MOR065OT": "+.0000",
        "CO01MOR065RO": "+.0000",
        "CO01MOR065VE": "-4.0000",
        "CO01MOR066CC": "+.0000",
        "CO01MOR066HP": "-1.0000",
        "CO01MOR066IN": "+.0000",
        "CO01MOR066OT": "+.0000",
        "CO01MOR066RO": "+.0000",
        "CO01MOR066VE": "-4.0000",
        "CO01MOR067CC": "+.0000",
        "CO01MOR067HP": "-1.0000",
        "CO01MOR067IN": "+.0000",
        "CO01MOR067OT": "+.0000",
        "CO01MOR067RO": "+.0000",
        "CO01MOR067VE": "-4.0000",
        "CO01MOR068CC": "+1.0000",
        "CO01MOR068IN": "+2.0000",
        "CO01MOR068RO": "+6.0000",
        "CO01MOR069CC": "+.0000",
        "CO01MOR069HP": "-1.0000",
        "CO01MOR069IN": "+.0000",
        "CO01MOR069OT": "+.0000",
        "CO01MOR069RO": "+.0000",
        "CO01MOR069VE": "-4.0000",
        "CO01MOR070CC": "+.0000",
        "CO01MOR070HP": "-1.0000",
        "CO01MOR070IN": "+.0000",
        "CO01MOR070OT": "+.0000",
        "CO01MOR070RO": "+.0000",
        "CO01MOR070VE": "-4.0000",
        "CO01MOR071CC": "+.0000",
        "CO01MOR071HP": "-1.0000",
        "CO01MOR071IN": "+.0000",
        "CO01MOR071OT": "+.0000",
        "CO01MOR071RO": "+.0000",
        "CO01MOR071VE": "-4.0000",
        "CO01MOR072CC": "+.0000",
        "CO01MOR072CO": "-1.0000",
        "CO01MOR072HP": "-1.0000",
        "CO01MOR072IN": "+.0000",
        "CO01MOR072OT": "+.0000",
        "CO01MOR072RO": "+.0000",
        "CO01MOR072VE": "-4.0000",
        "CO01MOR073CC": "+.0000",
        "CO01MOR073HP": "-1.0000",
        "CO01MOR073IN": "+.0000",
        "CO01MOR073OT": "+.0000",
        "CO01MOR073RO": "+.0000",
        "CO01MOR073VE": "-4.0000",
        "CO01MOR074CC": "+.0000",
        "CO01MOR074HP": "-1.0000",
        "CO01MOR074IN": "+.0000",
        "CO01MOR074OT": "+.0000",
        "CO01MOR074RO": "+.0000",
        "CO01MOR074VE": "-4.0000",
        "CO01MOR075CC": "+999.0000",
        "CO01MOR075CO": "-1.0000",
        "CO01MOR075HP": "-1.0000",
        "CO01MOR075IN": "+999.0000",
        "CO01MOR075OT": "+999.0000",
        "CO01MOR075RO": "+999.0000",
        "CO01MOR075VE": "-2.0000",
        "CO01MOR076CC": "+999.0000",
        "CO01MOR076CO": "-1.0000",
        "CO01MOR076HP": "-1.0000",
        "CO01MOR076IN": "+999.0000",
        "CO01MOR076OT": "+999.0000",
        "CO01MOR076RO": "+999.0000",
        "CO01MOR076VE": "-2.0000",
        "CO01MOR077CC": "+999.0000",
        "CO01MOR077CO": "-1.0000",
        "CO01MOR077HP": "-1.0000",
        "CO01MOR077IN": "+999.0000",
        "CO01MOR077OT": "+999.0000",
        "CO01MOR077RO": "+999.0000",
        "CO01MOR077VE": "-2.0000",
        "CO01MOR078CC": "+999.0000",
        "CO01MOR078CO": "-1.0000",
        "CO01MOR078HP": "-1.0000",
        "CO01MOR078IN": "+999.0000",
        "CO01MOR078OT": "+999.0000",
        "CO01MOR078RO": "+999.0000",
        "CO01MOR078VE": "-2.0000",
        "CO01MOR079CC": "+999.0000",
        "CO01MOR079CO": "-1.0000",
        "CO01MOR079HP": "-1.0000",
        "CO01MOR079IN": "+999.0000",
        "CO01MOR079OT": "+999.0000",
        "CO01MOR079RO": "+999.0000",
        "CO01MOR079VE": "-2.0000",
        "CO01MOR080CC": "+100.0000",
        "CO01MOR080IN": "+100.0000",
        "CO01MOR080VE": "-4.0000",
        "CO01MOR083CC": "+.0000",
        "CO01MOR086RO": "+100.0000",
        "CO01MOR087RO": "+.0000",
        "CO01MOR090CC": "+.0000",
        "CO01MOR092IN": "+95.9700",
        "CO01MOR098IN": "+96.2400",
        "CO01MOR101OT": "+.0000",
        "CO01NUM001AH": "+5.0000",
        "CO01NUM001CC": "+6.0000",
        "CO01NUM001CO": "-1.0000",
        "CO01NUM001CT": "+4.0000",
        "CO01NUM001HP": "-1.0000",
        "CO01NUM001IN": "+14.0000",
        "CO01NUM001OT": "+3.0000",
        "CO01NUM001RO": "+31.0000",
        "CO01NUM001VE": "+1.0000",
        "CO01NUM002AH": "+4.0000",
        "CO01NUM002CC": "+1.0000",
        "CO01NUM002CO": "-1.0000",
        "CO01NUM002CT": "+3.0000",
        "CO01NUM002HP": "-1.0000",
        "CO01NUM002IN": "+2.0000",
        "CO01NUM002OT": "+1.0000",
        "CO01NUM002RO": "+10.0000",
        "CO01NUM002VE": "+.0000",
        "CO01NUM004AH": "+1.0000",
        "CO01NUM005AH": "+1.0000",
        "CO01NUM005CC": "+5.0000",
        "CO01NUM005HP": "-1.0000",
        "CO01NUM005IN": "+12.0000",
        "CO01NUM005RO": "+21.0000",
        "CO01NUM018CC": "+.0000",
        "CO01NUM018CO": "-1.0000",
        "CO01NUM018HP": "-1.0000",
        "CO01NUM018IN": "+.0000",
        "CO01NUM018OT": "+.0000",
        "CO01NUM018RO": "+.0000",
        "CO01NUM018VE": "+.0000",
        "CO01NUM019CC": "+.0000",
        "CO01NUM019HP": "-1.0000",
        "CO01NUM019IN": "+.0000",
        "CO01NUM019OT": "+.0000",
        "CO01NUM019RO": "+.0000",
        "CO01NUM019VE": "+.0000",
        "CO01NUM042IN": "+1.0000",
        "CO01NUM049CC": "+.0000",
        "CO01NUM050AH": "+4.0000",
        "CO01NUM050CC": "+5.0000",
        "CO01NUM050RO": "+10.0000",
        "CO02END001CB": "+100.0000",
        "CO02END001IN": "+100.0000",
        "CO02END001OT": "-1.0000",
        "CO02END002CB": "-1.0000",
        "CO02END002HP": "-1.0000",
        "CO02END002IN": "-1.0000",
        "CO02END002OT": "-1.0000",
        "CO02END003HP": "-1.0000",
        "CO02END003IN": "-1.0000",
        "CO02END004CB": "-1.0000",
        "CO02END005CB": "+100.0000",
        "CO02END006IN": "-1.0000",
        "CO02END006RO": "+5.2300",
        "CO02END007HP": "-1.0000",
        "CO02END007IN": "-1.0000",
        "CO02END008HP": "-1.0000",
        "CO02END008IN": "-1.0000",
        "CO02END009HP": "-1.0000",
        "CO02END010HP": "-1.0000",
        "CO02END010IN": "+6.3900",
        "CO02END011CB": "+18.8600",
        "CO02END012CB": "+87.4600",
        "CO02END014CB": "-33.4600",
        "CO02END015CB": "+.0000",
        "CO02END016CB": "+.0000",
        "CO02END017CB": "+.0000",
        "CO02END018CB": "+.0000",
        "CO02END019CB": "+.0000",
        "CO02END024CB": "-8.7300",
        "CO02END024IN": "-1.0000",
        "CO02END024RO": "-8.7300",
        "CO02END026RO": "-34.5700",
        "CO02END028RO": "-1.0000",
        "CO02END032CB": "+8.6400",
        "CO02END033CB": "+43.9800",
        "CO02END033IN": "-1.0000",
        "CO02END033RO": "+43.9800",
        "CO02END034IN": "-1.0000",
        "CO02END034RO": "-60.2300",
        "CO02END035CB": "-64.1100",
        "CO02END035RO": "-58.6500",
        "CO02END037RO": "+14.6300",
        "CO02END040RO": "-20.3900",
        "CO02END042RO": "-51.9600",
        "CO02END044RO": "-16.7800",
        "CO02END045RO": "-32.6500",
        "CO02END046RO": "-55.3000",
        "CO02EXP001TO": "+241.0000",
        "CO02EXP002TO": "+8.0000",
        "CO02EXP003TO": "+193.0000",
        "CO02EXP004TO": "+8.0000",
        "CO02EXP005TO": "+31.0000",
        "CO02EXP006TO": "+75.0000",
        "CO02EXP007TO": "-1.0000",
        "CO02EXP008CC": "-1.0000",
        "CO02EXP008OT": "-1.0000",
        "CO02EXP008TO": "+9.5200",
        "CO02EXP009IN": "-1.0000",
        "CO02EXP009TO": "+19.0500",
        "CO02EXP010TO": "+19.0500",
        "CO02EXP011TO": "+19.0500",
        "CO02EXP013AH": "+75.0000",
        "CO02EXP013CC": "-1.0000",
        "CO02EXP013TO": "+52.3800",
        "CO02NUM001TO": "+64.0000",
        "CO02NUM002TO": "+21.0000",
        "CO02NUM003TO": "+18.0000",
        "CO02NUM004TO": "+3.0000",
        "CO02NUM005TO": "+43.0000",
        "CO02NUM018TO": "+.0000",
        "CO02NUM019TO": "+.0000",
        "CO02NUM020TO": "+.0000",
        "CO02NUM028TO": "+11.0000",
        "CO02NUM029TO": "+36.0000",
        "CO02NUM030TO": "-2.0000",
        "CO02NUM035TO": "+1.0000",
        "CO02NUM036TO": "+1.0000",
        "CO02NUM037TO": "-2.0000",
        "CO02NUM038TO": "-2.0000",
        "CO02NUM039TO": "-2.0000",
        "CO02NUM041TO": "+1.0000",
        "CO02NUM042AH": "+80.0000",
        "CO02NUM042CB": "+32.8100",
        "CO02NUM042CT": "+75.0000",
        "CO02NUM042HP": "-1.0000",
        "CO02NUM042IN": "+14.2900",
        "CO02NUM043AH": "+20.0000",
        "CO02NUM043CB": "+67.1900",
        "CO02NUM043CC": "+83.3300",
        "CO02NUM043HP": "-1.0000",
        "CO02NUM043RO": "+67.7400",
        "CO02NUM057RO": "+.0000",
        "CO02NUM072IN": "-1.0000",
        "CO02NUM086MX": "+19.0500",
        "COQ1DEM001TO": "-1.0000",
        "COQ1DEM002TO": "+7.0000",
        "COQ1END001TO": "-1.0000",
        "COQ1END002HP": "-1.0000",
        "COQ1END002IN": "-1.0000",
        "COQ1END002MC": "-1.0000",
        "COQ1END002TC": "-1.0000",
        "COQ1END003HP": "-1.0000",
        "COQ1END003IN": "-1.0000",
        "COQ1END003MC": "-1.0000",
        "COQ1END003TC": "-1.0000",
        "COQ1END004HP": "-1.0000",
        "COQ1END004IN": "-1.0000",
        "COQ1END004TC": "-1.0000",
        "COQ1END005HP": "-1.0000",
        "COQ1END005IN": "-1.0000",
        "COQ1END005TC": "-1.0000",
        "COQ1END006HP": "-1.0000",
        "COQ1END006IN": "-1.0000",
        "COQ1END007IN": "-1.0000",
        "COQ1END008HP": "-1.0000",
        "COQ1END008IN": "-1.0000",
        "COQ1END008TC": "-1.0000",
        "COQ1END009HP": "-1.0000",
        "COQ1END009IN": "-1.0000",
        "COQ1END009TC": "-1.0000",
        "COQ1END010HP": "-1.0000",
        "COQ1END010IN": "-1.0000",
        "COQ1END010TC": "-1.0000",
        "COQ1END011TC": "-1.0000",
        "COQ1END012TC": "-1.0000",
        "COQ1END013TC": "-1.0000",
        "COQ1END014TC": "-1.0000",
        "COQ1END015TC": "-1.0000",
        "COQ1END016TC": "-1.0000",
        "COQ1END017TC": "-1.0000",
        "COQ1END018TC": "-1.0000",
        "COQ1END019TC": "-1.0000",
        "COQ1END020TC": "-1.0000",
        "COQ1EXP001HP": "-1.0000",
        "COQ1EXP002IN": "-1.0000",
        "COQ1EXP002TC": "-1.0000",
        "COQ1EXP003HP": "-1.0000",
        "COQ1EXP004HP": "-1.0000",
        "COQ1EXP005TO": "+.0000",
        "COQ1NUM001HP": "-1.0000",
        "COQ1NUM002HP": "-1.0000",
        "COQ1NUM002TC": "-1.0000",
        "COQ1NUM003TC": "-1.0000",
        "AAA": "+999.0000",
        "PHD": "+832.0000",
        "AAE": "+774.0000",
        "AAE-RE": "+913.0000",
        "AAC": "+941.0000",
        "AAD": "+947.0000",
        "AAD-RE": "+999.0000",
        "AAF": "+970.0000",
        "AAB": "+898.0000",
        "AAB-RE": "+999.0000",
        "ACI-MASTER-F": "+.0000",
        "QUANTO3": "+8.0000",
        "QUANTO3-2": "+99.0000",
        "AAA-EXC": "+99.0000",
        "PHD-EXC": "+99.0000",
        "AAE-EXC": "+99.0000",
        "AAE-RE-EXC": "+99.0000",
        "AAC-EXC": "+99.0000",
        "AAD-EXC": "+99.0000",
        "AAD-RE-EXC": "+99.0000",
        "AAF-EXC": "+99.0000",
        "AAB-EXC": "+99.0000",
        "AAB-RE-EXC": "+99.0000",
        "QN3-EXC": "+99.0000"
    }
}